County,Data Year,Population,Z Score,Number of Gas Cars,Number of EV
Alameda             ,2010,1510271,0.0335193262328241,,
Amador              ,2010,38091,-0.2515760237309523,,
Butte               ,2010,220000,-0.2163483953046997,,
Calaveras           ,2010,45578,-0.2501261270571904,,
Colusa              ,2010,21419,-0.2548046436514757,,
Contra Costa        ,2010,1049025,-0.055803371935465,,
Del Norte,2010,28610,-0.2534120689244794,16083.0,0.0
El Dorado           ,2010,181058,-0.2238897170984269,,
Fresno              ,2010,930450,-0.0787660403061499,,
Glenn               ,2010,28122,-0.2535065726745522,,
Humboldt            ,2010,134623,-0.2328820974972694,,
Imperial            ,2010,174528,-0.2251542857213286,,
Inyo                ,2010,18546,-0.2553610151145074,,
Kern                ,2010,839631,-0.0963536142362129,,
Kings               ,2010,152982,-0.2293267812112276,,
Lake                ,2010,64665,-0.2464298297669415,,
Lassen              ,2010,34895,-0.2521949458318396,,
Los Angeles ,2010,9818605,1.6424716210241834,,
Madera              ,2010,150865,-0.2297367493237365,,
Marin               ,2010,252409,-0.2100722230995508,,
Mariposa            ,2010,18251,-0.2554181434060473,,
Mendocino           ,2010,87841,-0.241941676259381,,
Merced              ,2010,255793,-0.2094168938162584,,
Modoc               ,2010,9686,-0.2570768004129621,,
Mono                ,2010,14202,-0.2562022534143366,,
Monterey            ,2010,415057,-0.1785745879727943,,
Napa                ,2010,136484,-0.2325217051225037,,
Nevada              ,2010,98764,-0.2398263802305976,,
Orange              ,2010,3010232,0.3239946120178615,,
Placer              ,2010,348432,-0.1914768673756776,,
Plumas              ,2010,20007,-0.2550780848299653,,
Riverside           ,2010,2189641,0.1650828768209933,,
Sacramento,2010,1418788,0.0158031652329898,807914.0,6.0
San Benito  ,2010,55269,-0.248249414266296,,
San Bernardino    ,2010,2035210,0.135176506682657,,
San Diego           ,2010,3095313,0.3404709922636657,,
San Francisco,2010,805235,-0.1030145793745479,355409.0,24.0
San Joaquin,2010,685306,-0.12623945692064,377744.0,1.0
San Luis Obispo     ,2010,269637,-0.2067359308736165,,
San Mateo           ,2010,718451,-0.1198207544694795,,
Santa Barbara       ,2010,423895,-0.1768630630893019,,
Santa Clara         ,2010,1781642,0.086071738448056,,
Santa Cruz          ,2010,262382,-0.2081408995350487,,
Shasta              ,2010,177223,-0.2246323848884465,,
Sierra              ,2010,3240,-0.2583251019969168,,
Siskiyou            ,2010,44900,-0.2502574253001196,,
Solano              ,2010,413344,-0.1789063193741773,,
Sonoma              ,2010,483878,-0.1652470416945831,,
Stanislaus          ,2010,514453,-0.1593260331731099,,
State Total,2010,37253956,6.955470707225631,,
Sutter              ,2010,94737,-0.2406062298239246,,
Tehama              ,2010,63463,-0.2466626033480637,,
Trinity             ,2010,13786,-0.2562828139881692,,
Tulare              ,2010,442179,-0.1733222709451771,,
Tuolumne            ,2010,55365,-0.2482308233646423,,
Ventura             ,2010,823318,-0.0995127119307605,,
Yolo                ,2010,200849,-0.2200570865293843,,
Yuba                ,2010,72155,-0.244979352127503,,
Alameda             ,2011,1527169,0.0367917122343239,,
Amador              ,2011,37089,-0.2517700662669627,,
Butte               ,2011,221377,-0.2160817320591046,,
Calaveras           ,2011,45561,-0.2501294191960249,,
Colusa              ,2011,21362,-0.2548156819993326,,
Contra Costa        ,2011,1061578,-0.0533724178890201,,
Del Norte,2011,28191,-0.2534932104639886,15859.0,0.0
El Dorado           ,2011,180887,-0.2239228321419976,,
Fresno              ,2011,938507,-0.0772057601538192,,
Glenn               ,2011,28252,-0.2534813974952295,,
Humboldt            ,2011,135894,-0.2326359617055837,,
Imperial            ,2011,175448,-0.2249761229138142,,
Inyo                ,2011,18582,-0.2553540435263872,,
Kern                ,2011,845269,-0.09526178607451,,
Kings               ,2011,150073,-0.2298901242623794,,
Lake                ,2011,65318,-0.2463033729046514,,
Lassen              ,2011,34416,-0.2522877066848825,,
Los Angeles ,2011,9872846,1.6529756741137414,,
Madera              ,2011,151054,-0.2297001484861058,,
Marin               ,2011,254256,-0.2097145418979429,,
Mariposa            ,2011,18180,-0.255431892927062,,
Mendocino           ,2011,87787,-0.2419521336415612,,
Merced              ,2011,259183,-0.2087604026016127,,
Modoc               ,2011,9653,-0.2570831910354055,,
Mono                ,2011,14312,-0.2561809513395251,,
Monterey            ,2011,416582,-0.1782792637538165,,
Napa                ,2011,136839,-0.2324529575174302,,
Nevada              ,2011,99035,-0.239773899664471,,
Orange              ,2011,3037811,0.3293354294835593,,
Placer              ,2011,354618,-0.1902789161503682,,
Plumas              ,2011,19977,-0.2550838944867321,,
Riverside           ,2011,2213474,0.1696982618117463,,
Sacramento,2011,1431665,0.0182968635725159,804508.0,101.0
San Benito  ,2011,55835,-0.2481398054086295,,
San Bernardino    ,2011,2055566,0.1391185524541405,,
San Diego           ,2011,3124985,0.346217130116459,,
San Francisco,2011,815714,-0.1009852662659128,353737.0,163.0
San Joaquin,2011,692465,-0.1248530791608615,379369.0,20.0
San Luis Obispo     ,2011,270396,-0.2065889465574171,,
San Mateo           ,2011,726265,-0.1183075325369598,,
Santa Barbara       ,2011,424822,-0.1766835446952085,,
Santa Clara         ,2011,1805407,0.0906739548834709,,
Santa Cruz          ,2011,265364,-0.2075634196524311,,
Shasta              ,2011,178218,-0.2244396979390151,,
Sierra              ,2011,3244,-0.2583243273760146,,
Siskiyou            ,2011,44937,-0.2502502600567739,,
Solano              ,2011,414084,-0.1787630145072635,,
Sonoma              ,2011,485975,-0.1648409466865854,,
Stanislaus          ,2011,517840,-0.1586701229241408,,
State Total,2011,37552880,7.0133589018706965,,
Sutter              ,2011,94535,-0.2406453481794876,,
Tehama              ,2011,63337,-0.2466870039064842,,
Trinity             ,2011,13945,-0.2562520228073053,,
Tulare              ,2011,445415,-0.1726956026352675,,
Tuolumne            ,2011,55306,-0.2482422490229503,,
Ventura             ,2011,830196,-0.0981807512893642,,
Yolo                ,2011,202769,-0.2196852684963106,,
Yuba                ,2011,72841,-0.2448465046427693,,
Alameda             ,2012,1549193,0.0410567749220402,,
Amador              ,2012,37272,-0.2517346273606853,,
Butte               ,2012,222623,-0.2158404376480578,,
Calaveras           ,2012,45544,-0.2501327113348595,,
Colusa              ,2012,21301,-0.2548274949680917,,
Contra Costa        ,2012,1075165,-0.0507412243393469,,
Del Norte,2012,28193,-0.2534928231535375,15644.0,3.0
El Dorado           ,2012,180121,-0.2240711720447759,,
Fresno              ,2012,945656,-0.0758213189462963,,
Glenn               ,2012,28102,-0.2535104457790634,,
Humboldt            ,2012,135888,-0.232637123636937,,
Imperial            ,2012,177599,-0.2245595705236363,,
Inyo                ,2012,18617,-0.2553472655934926,,
Kern                ,2012,853585,-0.0936513492187595,,
Kings               ,2012,151242,-0.2296637413037007,,
Lake                ,2012,65573,-0.2462539908221337,,
Lassen              ,2012,34222,-0.252325275798641,,
Los Angeles ,2012,9937750,1.665544672873437,,
Madera              ,2012,151155,-0.2296805893083243,,
Marin               ,2012,257096,-0.2091645610573548,,
Mariposa            ,2012,18084,-0.2554504838287157,,
Mendocino           ,2012,88402,-0.2418330356778423,,
Merced              ,2012,261779,-0.2082576736360609,,
Modoc               ,2012,9508,-0.2571112710431116,,
Mono                ,2012,14181,-0.2562063201740733,,
Monterey            ,2012,422477,-0.1771376661991449,,
Napa                ,2012,138249,-0.2321799036493917,,
Nevada              ,2012,98896,-0.2398008177408238,,
Orange              ,2012,3073792,0.3363033381544057,,
Placer              ,2012,360512,-0.1891375122509222,,
Plumas              ,2012,19700,-0.255137536984212,,
Riverside           ,2012,2239478,0.1747340722971883,,
Sacramento,2012,1447519,0.0213670735185318,811630.0,290.0
San Benito  ,2012,56778,-0.2479571885309271,,
San Bernardino    ,2012,2072061,0.1423128953997399,,
San Diego           ,2012,3155715,0.3521681551978939,,
San Francisco,2012,826354,-0.0989247746659627,354656.0,507.0
San Joaquin,2012,699719,-0.1234483041546549,382646.0,75.0
San Luis Obispo     ,2012,272951,-0.2060941574561133,,
San Mateo           ,2012,735915,-0.1164387596103133,,
Santa Barbara       ,2012,427960,-0.1760758545974037,,
Santa Clara         ,2012,1833344,0.0960841009199189,,
Santa Cruz          ,2012,267492,-0.2071513213324411,,
Shasta              ,2012,178865,-0.2243144030080783,,
Sierra              ,2012,3239,-0.2583252956521424,,
Siskiyou            ,2012,44778,-0.2502810512376378,,
Solano              ,2012,418963,-0.17781817066176,,
Sonoma              ,2012,488601,-0.1643324080642669,,
Stanislaus          ,2012,521723,-0.1579181596832943,,
State Total,2012,37904303,7.081413802202395,,
Sutter              ,2012,94718,-0.2406099092732102,,
Tehama              ,2012,63202,-0.2467131473619347,,
Trinity             ,2012,14193,-0.2562039963113666,,
Tulare              ,2012,449884,-0.1718301574322433,,
Tuolumne            ,2012,55100,-0.2482821419994155,,
Ventura             ,2012,835510,-0.0971516674207425,,
Yolo                ,2012,204087,-0.2194300309090236,,
Yuba                ,2012,73501,-0.2447186921939002,,
Alameda             ,2013,1575139,0.0460813534043998,,
Amador              ,2013,37044,-0.2517787807521128,,
Butte               ,2013,224391,-0.2154980552092691,,
Calaveras           ,2013,45499,-0.2501414258200096,,
Colusa              ,2013,21418,-0.2548048373067013,,
Contra Costa        ,2013,1090305,-0.0478092842243803,,
Del Norte,2013,27752,-0.2535782251080091,15830.0,12.0
El Dorado           ,2013,179663,-0.224159866138082,,
Fresno              ,2013,953114,-0.0743770382740756,,
Glenn               ,2013,27914,-0.2535468529614685,,
Humboldt            ,2013,135810,-0.2326522287445306,,
Imperial            ,2013,177731,-0.2245340080338625,,
Inyo                ,2013,18673,-0.2553364209008613,,
Kern                ,2013,861948,-0.0920318105674077,,
Kings               ,2013,150004,-0.229903486472943,,
Lake                ,2013,65928,-0.2461852432170602,,
Lassen              ,2013,33564,-0.2524527009370589,,
Los Angeles ,2013,9995638,1.6767549865706093,,
Madera              ,2013,150652,-0.2297779978867807,,
Marin               ,2013,258815,-0.2088316677246184,,
Mariposa            ,2013,17936,-0.2554791448020985,,
Mendocino           ,2013,89320,-0.2416552601807789,,
Merced              ,2013,263501,-0.2079241993376479,,
Modoc               ,2013,9408,-0.2571306365656675,,
Mono                ,2013,13865,-0.2562675152253501,,
Monterey            ,2013,425742,-0.1765053818876941,,
Napa                ,2013,138808,-0.2320716503783041,,
Nevada              ,2013,99116,-0.2397582135912007,,
Orange              ,2013,3105236,0.3423926330668899,,
Placer              ,2013,365195,-0.1882306248296283,,
Plumas              ,2013,19345,-0.2552062845892855,,
Riverside           ,2013,2260809,0.1788649319135921,,
Sacramento,2013,1461786,0.0241299526215852,839193.0,1002.0
San Benito  ,2013,57386,-0.2478394461537871,,
San Bernardino    ,2013,2085599,0.1449345998433606,,
San Diego           ,2013,3190323,0.3588701752440474,,
San Francisco,2013,839556,-0.0963681383781299,368001.0,1313.0
San Joaquin,2013,705545,-0.1223200688105469,395126.0,218.0
San Luis Obispo     ,2013,275482,-0.2056040160802229,,
San Mateo           ,2013,745842,-0.1145163441861868,,
Santa Barbara       ,2013,432485,-0.1751995647017482,,
Santa Clara         ,2013,1861489,0.1015345272432832,,
Santa Cruz          ,2013,269714,-0.2067210194212485,,
Shasta              ,2013,180106,-0.2240740768731593,,
Sierra              ,2013,3225,-0.2583280068253002,,
Siskiyou            ,2013,44726,-0.2502911213093669,,
Solano              ,2013,423373,-0.1769641511170439,,
Sonoma              ,2013,492751,-0.1635287388781961,,
Stanislaus          ,2013,525173,-0.157250049155115,,
State Total,2013,38237859,7.146008664619028,,
Sutter              ,2013,94496,-0.2406529007332844,,
Tehama              ,2013,63257,-0.2467024963245289,,
Trinity             ,2013,14442,-0.2561557761602024,,
Tulare              ,2013,453530,-0.1711240904798544,,
Tuolumne            ,2013,55109,-0.2482803991023855,,
Ventura             ,2013,841501,-0.0959914789644172,,
Yolo                ,2013,206386,-0.2189848175454629,,
Yuba                ,2013,74114,-0.2445999815406324,,
Alameda             ,2014,1597747,0.0504595107438427,,
Amador              ,2014,37089,-0.2517700662669627,,
Butte               ,2014,225737,-0.2152373952756664,,
Calaveras           ,2014,45461,-0.2501487847185809,,
Colusa              ,2014,21442,-0.2548001895812878,,
Contra Costa        ,2014,1104732,-0.0450154202852374,,
Del Norte,2014,27341,-0.253657817405714,15688.0,19.0
El Dorado           ,2014,180132,-0.2240690418372947,,
Fresno              ,2014,959645,-0.0731122759959484,,
Glenn               ,2014,27946,-0.2535406559942507,,
Humboldt            ,2014,135895,-0.2326357680503581,,
Imperial            ,2014,178471,-0.2243907031669486,,
Inyo                ,2014,18771,-0.2553174426887565,,
Kern                ,2014,867021,-0.0910493976081458,,
Kings               ,2014,148974,-0.230102951355269,,
Lake                ,2014,66484,-0.2460775709116493,,
Lassen              ,2014,32908,-0.2525797387650258,,
Los Angeles ,2014,10037944,1.684947764543118,,
Madera              ,2014,152067,-0.2295039757426143,,
Marin               ,2014,261931,-0.2082282380417759,,
Mariposa            ,2014,17865,-0.2554928943231132,,
Mendocino           ,2014,89569,-0.2416070400296147,,
Merced              ,2014,264670,-0.2076978163789692,,
Modoc               ,2014,9312,-0.2571492274673212,,
Mono                ,2014,13712,-0.2562971444748606,,
Monterey            ,2014,427425,-0.1761794601430779,,
Napa                ,2014,140114,-0.2318187366537237,,
Nevada              ,2014,99490,-0.2396857865368416,,
Orange              ,2014,3125985,0.3464107853420182,,
Placer              ,2014,369910,-0.1873175404411166,,
Plumas              ,2014,19120,-0.2552498570150364,,
Riverside           ,2014,2280208,0.1826216496342154,,
Sacramento,2014,1476829,0.0270431081796726,863881.0,2229.0
San Benito  ,2014,58212,-0.2476794869374752,,
San Bernardino    ,2014,2096526,0.1470506704930463,,
San Diego           ,2014,3219710,0.3645611213575563,,
San Francisco,2014,846661,-0.0949922180005316,373808.0,2618.0
San Joaquin,2014,712387,-0.1209950797572707,409085.0,537.0
San Luis Obispo     ,2014,278272,-0.2050637180009126,,
San Mateo           ,2014,751906,-0.1133420188983957,,
Santa Barbara       ,2014,437066,-0.1743124301134614,,
Santa Clara         ,2014,1883691,0.1058340605611491,,
Santa Cruz          ,2014,271559,-0.2063637255300917,,
Shasta              ,2014,180826,-0.2239346451107567,,
Sierra              ,2014,3218,-0.2583293624118791,,
Siskiyou            ,2014,44674,-0.2503011913810959,,
Solano              ,2014,428671,-0.1759381657320311,,
Sonoma              ,2014,496615,-0.1627804550866353,,
Stanislaus          ,2014,528123,-0.1566787662397153,,
State Total,2014,38513119,7.199314202006459,,
Sutter              ,2014,95103,-0.2405353520113699,,
Tehama              ,2014,63067,-0.2467392908173852,,
Trinity             ,2014,14692,-0.2561073623538126,,
Tulare              ,2014,455774,-0.1706895281536995,,
Tuolumne            ,2014,55315,-0.2482405061259203,,
Ventura             ,2014,846456,-0.0950319173217712,,
Yolo                ,2014,206708,-0.2189224605628329,,
Yuba                ,2014,74755,-0.244475848541049,,
Alameda             ,2015,1622205,0.0551959302505702,,
Amador              ,2015,37453,-0.2516995757648591,,
Butte               ,2015,227400,-0.2149153466355614,,
Calaveras           ,2015,45395,-0.2501615659634678,,
Colusa              ,2015,21338,-0.254820329724746,,
Contra Costa        ,2015,1120530,-0.0419560550318528,,
Del Norte,2015,26973,-0.2537290825287198,16035.0,26.0
El Dorado           ,2015,180914,-0.2239176034509075,,
Fresno              ,2015,968417,-0.0714135323573429,,
Glenn               ,2015,27966,-0.2535367828897394,,
Humboldt            ,2015,136542,-0.2325104731194213,,
Imperial            ,2015,179769,-0.2241393386841728,,
Inyo                ,2015,18765,-0.2553186046201099,,
Kern                ,2015,873453,-0.0898038071973489,,
Kings               ,2015,148817,-0.2301333552256818,,
Lake                ,2015,66975,-0.2459824861958997,,
Lassen              ,2015,32758,-0.2526087870488597,,
Los Angeles ,2015,10072887,1.6917146590898338,,
Madera              ,2015,152930,-0.2293368512829567,,
Marin               ,2015,263888,-0.2078492547653565,,
Mariposa            ,2015,17724,-0.2555201997099171,,
Mendocino           ,2015,90018,-0.2415200888333386,,
Merced              ,2015,266740,-0.2072969500620616,,
Modoc               ,2015,9212,-0.2571685929898771,,
Mono                ,2015,13674,-0.2563045033734319,,
Monterey            ,2015,429887,-0.1757026809777511,,
Napa                ,2015,140654,-0.2317141628319217,,
Nevada              ,2015,100341,-0.2395209859398907,,
Orange              ,2015,3148491,0.350769189848454,,
Placer              ,2015,373578,-0.1866072130737654,,
Plumas              ,2015,19035,-0.2552663177092089,,
Riverside           ,2015,2302000,0.186841784309602,,
Sacramento,2015,1495130,0.0305871924626319,886961.0,3358.0
San Benito  ,2015,58839,-0.2475580651110496,,
San Bernardino    ,2015,2114182,0.1504698471555199,,
San Diego           ,2015,3248180,0.3700744856292274,,
San Francisco,2015,855489,-0.0932826296692948,374022.0,4045.0
San Joaquin,2015,724185,-0.1187103354061229,422665.0,867.0
San Luis Obispo     ,2015,279620,-0.2048026707568588,,
San Mateo           ,2015,758673,-0.1120315539870365,,
Santa Barbara       ,2015,440902,-0.1735695686682162,,
Santa Clara         ,2015,1907380,0.1104215591994215,,
Santa Cruz          ,2015,274207,-0.2058509264928109,,
Shasta              ,2015,181253,-0.2238519543294429,,
Sierra              ,2015,3214,-0.2583301370327813,,
Siskiyou            ,2015,44550,-0.2503252046290653,,
Solano              ,2015,433545,-0.1749942901626554,,
Sonoma              ,2015,499963,-0.162132097391463,,
Stanislaus          ,2015,532534,-0.1558245530397735,,
State Total,2015,38810306,7.256866017524728,,
Sutter              ,2015,95421,-0.2404737696496421,,
Tehama              ,2015,63405,-0.2466738353511462,,
Trinity             ,2015,14906,-0.2560659201355429,,
Tulare              ,2015,458186,-0.1702224317496506,,
Tuolumne            ,2015,54956,-0.248310028351896,,
Ventura             ,2015,849950,-0.0943552859636673,,
Yolo                ,2015,208343,-0.2186058342690435,,
Yuba                ,2015,75374,-0.2443559759564278,,
Alameda             ,2016,1641983,0.0590260433016805,,
Amador              ,2016,37663,-0.2516589081674917,,
Butte               ,2016,228198,-0.2147608097655652,,
Calaveras           ,2016,45402,-0.2501602103768889,,
Colusa              ,2016,21531,-0.254782954266213,,
Contra Costa        ,2016,1136478,-0.0388676414946343,,
Del Norte,2016,26960,-0.2537316000466521,16389.0,36.0
El Dorado           ,2016,181630,-0.2237789463094071,,
Fresno              ,2016,975622,-0.0700182464571887,,
Glenn               ,2016,27714,-0.2535855840065804,,
Humboldt            ,2016,137015,-0.2324188741977318,,
Imperial            ,2016,179897,-0.2241145508153012,,
Inyo                ,2016,18876,-0.2552971088900728,,
Kern                ,2016,876846,-0.0891467350170264,,
Kings               ,2016,148487,-0.2301972614501164,,
Lake                ,2016,66991,-0.2459793877122908,,
Lassen              ,2016,32293,-0.2526988367287447,,
Los Angeles ,2016,10087542,1.6945526764204042,,
Madera              ,2016,152819,-0.2293583470129938,,
Marin               ,2016,264554,-0.2077202803851341,,
Mariposa            ,2016,17625,-0.2555393715772474,,
Mendocino           ,2016,90761,-0.2413762030007481,,
Merced              ,2016,268527,-0.2069508881739873,,
Modoc               ,2016,9130,-0.257184472718373,,
Mono                ,2016,13412,-0.2563552410425284,,
Monterey            ,2016,434712,-0.1747682945144278,,
Napa                ,2016,141119,-0.2316241131520367,,
Nevada              ,2016,100793,-0.2394334537779379,,
Orange              ,2016,3165028,0.3539716663135269,,
Placer              ,2016,379143,-0.1855295217435283,,
Plumas              ,2016,19017,-0.2552698035032689,,
Riverside           ,2016,2326213,0.1915307582860675,,
Sacramento,2016,1511942,0.0338429241147336,924973.0,4569.0
San Benito  ,2016,59563,-0.2474178587277447,,
San Bernardino    ,2016,2124990,0.152562872833364,,
San Diego           ,2016,3263004,0.3729452306929173,,
San Francisco,2016,861977,-0.0920261945658665,382460.0,5558.0
San Joaquin,2016,735670,-0.1164862051405753,444390.0,1439.0
San Luis Obispo     ,2016,281046,-0.2045265184052113,,
San Mateo           ,2016,763530,-0.1110909705564953,,
Santa Barbara       ,2016,444102,-0.1729498719464267,,
Santa Clara         ,2016,1923243,0.1134935120424675,,
Santa Cruz          ,2016,275625,-0.2055763233829679,,
Shasta              ,2016,180374,-0.2240221772727094,,
Sierra              ,2016,3222,-0.2583285877909769,,
Siskiyou            ,2016,44497,-0.25033546835602,,
Solano              ,2016,438420,-0.1740502209380542,,
Sonoma              ,2016,501553,-0.1618241855828238,,
Stanislaus          ,2016,537785,-0.1548076694503621,,
State Total,2016,39036749,7.300717887766035,,
Sutter              ,2016,96065,-0.2403490556843819,,
Tehama              ,2016,64017,-0.2465553183531039,,
Trinity             ,2016,15136,-0.2560213794336643,,
Tulare              ,2016,461170,-0.1696445645565819,,
Tuolumne            ,2016,55303,-0.248242829988627,,
Ventura             ,2016,851155,-0.0941219314168684,,
Yolo                ,2016,211938,-0.2179096437331581,,
Yuba                ,2016,76245,-0.2441873022549657,,
Alameda             ,2017,1656919,0.061918477750633,,
Amador              ,2017,38807,-0.2514373665894519,,
Butte               ,2017,230412,-0.2143320570961771,,
Calaveras           ,2017,45355,-0.2501693121724901,,
Colusa              ,2017,21773,-0.2547360897016277,,
Contra Costa        ,2017,1147957,-0.03664467316044,,
Del Norte,2017,27158,-0.2536932563119913,18299.0,47.0
El Dorado           ,2017,182695,-0.2235727034941865,,
Fresno              ,2017,983436,-0.0685050245246689,,
Glenn               ,2017,27786,-0.2535716408303402,,
Humboldt            ,2017,138027,-0.2322228951094658,,
Imperial            ,2017,180854,-0.223929222764441,,
Inyo                ,2017,18880,-0.2552963342691706,,
Kern                ,2017,883531,-0.087852149834163,,
Kings               ,2017,148079,-0.2302762727821445,,
Lake                ,2017,67318,-0.2459160624535329,,
Lassen              ,2017,32459,-0.2526666899613018,,
Los Angeles ,2017,10107312,1.69838124022971,,
Madera              ,2017,154151,-0.2291003982525489,,
Marin               ,2017,264366,-0.2077566875675392,,
Mariposa            ,2017,17501,-0.2555633848252167,,
Mendocino           ,2017,91368,-0.2412586542788336,,
Merced              ,2017,271094,-0.2064537752099767,,
Modoc               ,2017,8979,-0.2572137146574324,,
Mono                ,2017,13425,-0.2563527235245961,,
Monterey            ,2017,437800,-0.1741702871779009,,
Napa                ,2017,140837,-0.2316787239256444,,
Nevada              ,2017,100998,-0.2393937544566983,,
Orange              ,2017,3185541,0.3579441159554233,,
Placer              ,2017,386586,-0.184088145899691,,
Plumas              ,2017,19365,-0.2552024114847743,,
Riverside           ,2017,2355286,0.1971608966587508,,
Sacramento,2017,1530548,0.0374460732414885,1046050.0,6966.0
San Benito  ,2017,60499,-0.2472365974366213,,
San Bernardino    ,2017,2142339,0.155922597341591,,
San Diego           ,2017,3279856,0.3762087085540413,,
San Francisco,2017,867378,-0.0909802626926212,420275.0,7824.0
San Joaquin,2017,747119,-0.1142690464631477,507686.0,2332.0
San Luis Obispo     ,2017,282284,-0.204286773235969,,
San Mateo           ,2017,765207,-0.1107662107432325,,
Santa Barbara       ,2017,445716,-0.1726373124123741,,
Santa Clara         ,2017,1930897,0.1149757491388978,,
Santa Cruz          ,2017,275410,-0.2056179592564631,,
Shasta              ,2017,180810,-0.2239377435943656,,
Sierra              ,2017,3236,-0.2583258766178191,,
Siskiyou            ,2017,44377,-0.2503587069830871,,
Solano              ,2017,444713,-0.17283154860361,,
Sonoma              ,2017,502454,-0.161649702224595,,
Stanislaus          ,2017,545273,-0.1533575791213746,,
State Total,2017,39273915,7.346646322991013,,
Sutter              ,2017,97649,-0.2400423058070961,,
Tehama              ,2017,64304,-0.2464997393033684,,
Trinity             ,2017,15381,-0.2559739339034023,,
Tulare              ,2017,463514,-0.1691906367078711,,
Tuolumne            ,2017,55133,-0.248275751376972,,
Ventura             ,2017,850424,-0.0942634933867522,,
Yolo                ,2017,214387,-0.2174353820857636,,
Yuba                ,2017,77751,-0.2438956574852736,,
Alameda             ,2018,1666247,0.0637248936946495,,
Amador              ,2018,39708,-0.2512628832312231,,
Butte               ,2018,231774,-0.2140682986789654,,
Calaveras           ,2018,45367,-0.2501669883097834,,
Colusa              ,2018,21808,-0.2547293117687332,,
Contra Costa        ,2018,1155105,-0.0352604256081427,,
Del Norte,2018,27269,-0.2536717605819543,18683.0,64.0
El Dorado           ,2018,185303,-0.223067650665928,,
Fresno              ,2018,992091,-0.0668289385474538,,
Glenn               ,2018,27854,-0.2535584722750021,,
Humboldt            ,2018,137893,-0.2322488449096908,,
Imperial            ,2018,181374,-0.2238285220471502,,
Inyo                ,2018,18906,-0.255291299233306,,
Kern                ,2018,891340,-0.0863398961777711,,
Kings               ,2018,150058,-0.2298930290907628,,
Lake                ,2018,67890,-0.245805291664513,,
Lassen              ,2018,32721,-0.2526159522922054,,
Los Angeles ,2018,10107841,1.698483683844031,,
Madera              ,2018,155100,-0.2289166194434932,,
Marin               ,2018,264099,-0.2078083935127635,,
Mariposa            ,2018,17398,-0.2555833313134493,,
Mendocino           ,2018,91667,-0.2412007513663914,,
Merced              ,2018,274768,-0.2057422859112722,,
Modoc               ,2018,8943,-0.2572206862455525,,
Mono                ,2018,13319,-0.2563732509785054,,
Monterey            ,2018,438000,-0.1741315561327891,,
Napa                ,2018,139786,-0.2318822555677072,,
Nevada              ,2018,101640,-0.2392694278018893,,
Orange              ,2018,3192479,0.3592876959103531,,
Placer              ,2018,392693,-0.1829054934372008,,
Plumas              ,2018,19388,-0.2551979574145865,,
Riverside           ,2018,2375547,0.2010845451838062,,
Sacramento,2018,1547095,0.040650486258817,1059363.0,10450.0
San Benito  ,2018,61143,-0.2471118834713611,,
San Bernardino    ,2018,2153258,0.1580371187494721,,
San Diego           ,2018,3294139,0.3789746861407037,,
San Francisco,2018,872724,-0.0899449818567816,414271.0,11278.0
San Joaquin,2018,755573,-0.1126318851862701,519661.0,3469.0
San Luis Obispo     ,2018,282754,-0.2041957552799562,,
San Mateo           ,2018,766114,-0.1105905654536503,,
Santa Barbara       ,2018,447377,-0.1723156510827203,,
Santa Clara         ,2018,1936569,0.1160741615782697,,
Santa Cruz          ,2018,274274,-0.2058379515926984,,
Shasta              ,2018,181792,-0.2237475741628664,,
Sierra              ,2018,3243,-0.2583245210312401,,
Siskiyou            ,2018,44315,-0.2503707136070717,,
Solano              ,2018,447744,-0.17224457961494,,
Sonoma              ,2018,499410,-0.1622391887311972,,
Stanislaus          ,2018,548363,-0.1527591844743966,,
State Total,2018,39429439,7.376764358290885,,
Sutter              ,2018,99498,-0.2396842372950371,,
Tehama              ,2018,64789,-0.2464058165189722,,
Trinity             ,2018,15642,-0.2559233898895313,,
Tulare              ,2018,466766,-0.1685608699143525,,
Tuolumne            ,2018,55213,-0.2482602589589273,,
Ventura             ,2018,850604,-0.0942286354461516,,
Yolo                ,2018,215708,-0.2171795635327998,,
Yuba                ,2018,78751,-0.2437020022597143,,
Alameda             ,2019,1675964,0.0656066415214084,,
Amador              ,2019,40227,-0.2511623761691579,,
Butte               ,2019,227263,-0.214941877401463,,
Calaveras           ,2019,45324,-0.2501753154844825,,
Colusa              ,2019,21745,-0.2547415120479434,,
Contra Costa        ,2019,1161077,-0.034103916601103,,
Del Norte,2019,27567,-0.2536140513247376,19000.0,76.0
El Dorado           ,2019,186714,-0.222794403142664,,
Fresno              ,2019,1000679,-0.0651658274703512,,
Glenn               ,2019,27959,-0.2535381384763184,,
Humboldt            ,2019,137059,-0.2324103533678072,,
Imperial            ,2019,181025,-0.2238961077208704,,
Inyo                ,2019,18938,-0.2552851022660881,,
Kern                ,2019,898617,-0.0849306671013766,,
Kings               ,2019,151918,-0.2295328303712227,,
Lake                ,2019,67902,-0.2458029678018063,,
Lassen              ,2019,32726,-0.2526149840160775,,
Los Angeles ,2019,10067476,1.690666790664333,,
Madera              ,2019,155604,-0.2288190172098114,,
Marin               ,2019,263645,-0.2078963129851674,,
Mariposa            ,2019,17242,-0.2556135415286366,,
Mendocino           ,2019,91733,-0.2411879701215045,,
Merced              ,2019,277693,-0.2051758443765114,,
Modoc               ,2019,8880,-0.2572328865247628,,
Mono                ,2019,13305,-0.2563759621516632,,
Monterey            ,2019,439477,-0.1738455273646381,,
Napa                ,2019,138982,-0.2320379543690568,,
Nevada              ,2019,101719,-0.2392541290390701,,
Orange              ,2019,3192408,0.3592739463893384,,
Placer              ,2019,399659,-0.1815564911359553,,
Plumas              ,2019,19655,-0.2551462514693622,,
Riverside           ,2019,2394094,0.2046762686522531,,
Sacramento,2019,1562887,0.0437086895808482,1076888.0,13923.0
San Benito  ,2019,62734,-0.2468037780074964,,
San Bernardino    ,2019,2169538,0.1611898258215763,,
San Diego           ,2019,3302865,0.3806645216389335,,
San Francisco,2019,872219,-0.090042777745689,407385.0,13771.0
San Joaquin,2019,767324,-0.1103562426307236,532035.0,4822.0
San Luis Obispo     ,2019,282935,-0.20416070368413,,
San Mateo           ,2019,765726,-0.1106657036811673,,
Santa Barbara       ,2019,447907,-0.1722130138131739,,
Santa Clara         ,2019,1936821,0.1161229626951106,,
Santa Cruz          ,2019,272618,-0.2061586446462245,,
Shasta              ,2019,181573,-0.2237899846572639,,
Sierra              ,2019,3241,-0.2583249083416912,,
Siskiyou            ,2019,44273,-0.2503788471265452,,
Solano              ,2019,450545,-0.1717021513281487,,
Sonoma              ,2019,494708,-0.1631497556017767,,
Stanislaus          ,2019,550947,-0.1522587793715516,,
State Total,2019,39503656,7.391136868166215,,
Sutter              ,2019,101531,-0.2392905362214752,,
Tehama              ,2019,65030,-0.2463591456096124,,
Trinity             ,2019,15898,-0.2558738141517881,,
Tulare              ,2019,469228,-0.1680840907490257,,
Tuolumne            ,2019,55074,-0.24828717703528,,
Ventura             ,2019,847064,-0.0949141749446312,,
Yolo                ,2019,215874,-0.217147416765357,,
Yuba                ,2019,79619,-0.2435339095239289,,
Alameda             ,2020,1681337,0.0666471510483381,,
Amador              ,2020,40426,-0.2511238387792716,,
Butte               ,2020,216090,-0.2171055872366362,,
Calaveras           ,2020,45290,-0.2501818997621515,,
Colusa              ,2020,21811,-0.2547287308030565,,
Contra Costa        ,2020,1164844,-0.0333744173664214,,
Del Norte,2020,27702,-0.2535879078692871,19235.0,92.0
El Dorado           ,2020,190202,-0.2221189337159134,,
Fresno              ,2020,1006557,-0.0640275220545141,,
Glenn               ,2020,28800,-0.2533752744316231,,
Humboldt            ,2020,136547,-0.2325095048432935,,
Imperial            ,2020,180036,-0.2240876327389485,,
Inyo                ,2020,18995,-0.2552740639182312,,
Kern                ,2020,907416,-0.083226694771681,,
Kings               ,2020,152249,-0.2294687304915626,,
Lake                ,2020,68144,-0.245756103237221,,
Lassen              ,2020,32555,-0.2526480990596482,,
Los Angeles ,2020,10029036,1.6832226837938362,,
Madera              ,2020,155967,-0.2287487203629334,,
Marin               ,2020,262802,-0.2080595643403138,,
Mariposa            ,2020,17156,-0.2556301958780347,,
Mendocino           ,2020,91639,-0.241206173712707,,
Merced              ,2020,280290,-0.2046729217557341,,
Modoc               ,2020,8722,-0.2572634840504011,,
Mono                ,2020,13205,-0.2563953276742192,,
Monterey            ,2020,439590,-0.1738236443241499,,
Napa                ,2020,138304,-0.2321692526119859,,
Nevada              ,2020,102259,-0.2391495552172681,,
Orange              ,2020,3188326,0.3584834457586057,,
Placer              ,2020,403822,-0.1807503044319522,,
Plumas              ,2020,19780,-0.2551220445661672,,
Riverside           ,2020,2412908,0.2083196980659243,,
Sacramento,2020,1580826,0.0471826706721551,1076112.0,16072.0
San Benito  ,2020,63931,-0.246571972702502,,
San Bernardino    ,2020,2179505,0.163119987454725,,
San Diego           ,2020,3297350,0.3795965130699744,,
San Francisco,2020,873444,-0.0898055500943789,393475.0,16242.0
San Joaquin,2020,776794,-0.1085223276446778,540500.0,5946.0
San Luis Obispo     ,2020,282484,-0.2042480421908572,,
San Mateo           ,2020,765009,-0.1108045544778932,,
Santa Barbara       ,2020,448408,-0.1721159925451687,,
Santa Clara         ,2020,1936352,0.1160321383943233,,
Santa Cruz          ,2020,271259,-0.2064218220977595,,
Shasta              ,2020,181926,-0.2237216243626415,,
Sierra              ,2020,3235,-0.2583260702730446,,
Siskiyou            ,2020,44111,-0.2504102192730858,,
Solano              ,2020,452957,-0.1712350549240998,,
Sonoma              ,2020,490008,-0.1640599351619051,,
Stanislaus          ,2020,552488,-0.1519603566689648,,
State Total,2020,39535623,7.397327444761666,,
Sutter              ,2020,100058,-0.239575790368724,,
Tehama              ,2020,65674,-0.2462344316443523,,
Trinity             ,2020,16070,-0.255840505452992,,
Tulare              ,2020,472371,-0.1674754323750931,,
Tuolumne            ,2020,55529,-0.2481990639076506,,
Ventura             ,2020,844339,-0.0954418854342801,,
Yolo                ,2020,216306,-0.2170637577079154,,
Yuba                ,2020,81178,-0.2432320010272821,,
Alameda             ,2021,1666341,0.063743097285852,,
Amador              ,2021,40047,-0.2511972341097585,,
Butte               ,2021,207403,-0.2187878701810692,,
Calaveras           ,2021,45259,-0.2501879030741438,,
Colusa              ,2021,21774,-0.2547358960464022,,
Contra Costa        ,2021,1162336,-0.0338601046721239,,
Del Norte,2021,27450,-0.253636708986128,20619.0,110.0
El Dorado           ,2021,190737,-0.2220153281702392,,
Fresno              ,2021,1008202,-0.0637089592084692,,
Glenn               ,2021,28812,-0.2533729505689164,,
Humboldt            ,2021,135130,-0.2327839142979109,,
Imperial            ,2021,180403,-0.2240165612711682,,
Inyo                ,2021,18981,-0.2552767750913891,,
Kern                ,2021,905370,-0.0836229133631752,,
Kings               ,2021,151157,-0.2296802019978732,,
Lake                ,2021,67778,-0.2458269810497757,,
Lassen              ,2021,30991,-0.2529509758324228,,
Los Angeles ,2021,9955445,1.6689714020897075,,
Madera              ,2021,155982,-0.22874581553455,,
Marin               ,2021,259721,-0.2086562160902618,,
Mariposa            ,2021,17070,-0.2556468502274328,,
Mendocino           ,2021,90910,-0.2413473483721397,,
Merced              ,2021,280944,-0.2045462712382184,,
Modoc               ,2021,8608,-0.2572855607461149,,
Mono                ,2021,13191,-0.256398038847377,,
Monterey            ,2021,436803,-0.1743633614377835,,
Napa                ,2021,137128,-0.2323969911572436,,
Nevada              ,2021,101985,-0.2392026167490713,,
Orange              ,2021,3172352,0.3553899971855227,,
Placer              ,2021,406443,-0.1802427340857615,,
Plumas              ,2021,19626,-0.2551518674709034,,
Riverside           ,2021,2419165,0.2095313988122484,,
Sacramento,2021,1580120,0.0470459500829103,1147316.0,23750.0
San Benito  ,2021,64642,-0.2464342838371294,,
San Bernardino    ,2021,2179006,0.163023353497171,,
San Diego           ,2021,3286880,0.3775689428583693,,
San Francisco,2021,855338,-0.0933118716083542,403474.0,21822.0
San Joaquin,2021,780320,-0.107839499319356,572492.0,8910.0
San Luis Obispo     ,2021,278737,-0.2049736683210276,,
San Mateo           ,2021,756636,-0.1124260296815006,,
Santa Barbara       ,2021,441552,-0.1734436927716028,,
Santa Clara         ,2021,1913779,0.111660758987775,,
Santa Cruz          ,2021,265533,-0.2075306919193116,,
Shasta              ,2021,181483,-0.2238074136275643,,
Sierra              ,2021,3225,-0.2583280068253002,,
Siskiyou            ,2021,43905,-0.250450112249551,,
Solano              ,2021,450122,-0.1717840674885602,,
Sonoma              ,2021,484459,-0.1651345280085332,,
Stanislaus          ,2021,551342,-0.1521822855574557,,
State Total,2021,39327868,7.35709460337561,,
Sutter              ,2021,99089,-0.2397634422822908,,
Tehama              ,2021,65336,-0.2462998871105913,,
Trinity             ,2021,16054,-0.2558436039366009,,
Tulare              ,2021,474000,-0.1671599680126571,,
Tuolumne            ,2021,54827,-0.2483350098759932,,
Ventura             ,2021,839916,-0.0962984224969285,,
Yolo                ,2021,214911,-0.2173339067475705,,
Yuba                ,2021,81917,-0.2430888898155938,,
Alameda             ,2022,1643683,0.0593552571851312,,
Amador              ,2022,40010,-0.2512043993531042,,
Butte               ,2022,206184,-0.2190239359010259,,
Calaveras           ,2022,45021,-0.2502339930178269,,
Colusa              ,2022,21722,-0.2547459661181313,,
Contra Costa        ,2022,1149841,-0.0362798267154864,,
Del Norte,2022,26982,-0.2537273396316897,20045.0,128.0
El Dorado           ,2022,189294,-0.2222947726607212,,
Fresno              ,2022,1010177,-0.0633264901379897,,
Glenn               ,2022,28777,-0.2533797285018109,,
Humboldt            ,2022,134167,-0.2329704042801244,,
Imperial            ,2022,180394,-0.2240183041681983,,
Inyo                ,2022,18916,-0.2552893626810504,,
Kern                ,2022,908186,-0.0830775802480004,,
Kings               ,2022,151654,-0.2295839553507703,,
Lake                ,2022,67597,-0.2458620326456019,,
Lassen              ,2022,29809,-0.2531798763090338,,
Los Angeles ,2022,9861493,1.6507771063379677,,
Madera              ,2022,157040,-0.2285409283059083,,
Marin               ,2022,255459,-0.2094815746615952,,
Mariposa            ,2022,16988,-0.2556627299559286,,
Mendocino           ,2022,90227,-0.2414796148911967,,
Merced              ,2022,284038,-0.2039471019703382,,
Modoc               ,2022,8547,-0.257297373714874,,
Mono                ,2022,12987,-0.256437544513391,,
Monterey            ,2022,436033,-0.1745124759614641,,
Napa                ,2022,135564,-0.2326998679300182,,
Nevada              ,2022,101080,-0.2393778747282024,,
Orange              ,2022,3158071,0.3526244069093114,,
Placer              ,2022,407539,-0.1800304879585486,,
Plumas              ,2022,19254,-0.2552239072148114,,
Riverside           ,2022,2427832,0.2112098086521701,,
Sacramento,2022,1572254,0.0455226580786614,1107136.0,32416.0
San Benito  ,2022,65642,-0.2462406286115702,,
San Bernardino    ,2022,2179845,0.1631858302314152,,
San Diego           ,2022,3278730,0.3759906527700617,,
San Francisco,2022,840575,-0.096170803703285,386911.0,28011.0
San Joaquin,2022,782163,-0.1074825927386503,556150.0,12961.0
San Luis Obispo     ,2022,279439,-0.204837722352685,,
San Mateo           ,2022,742051,-0.1152504911462819,,
Santa Barbara       ,2022,443074,-0.1731489495183016,,
Santa Clara         ,2022,1895752,0.1081697362366189,,
Santa Cruz          ,2022,264495,-0.2077317060434421,,
Shasta              ,2022,180206,-0.2240547113506034,,
Sierra              ,2022,3205,-0.2583318799298114,,
Siskiyou            ,2022,43571,-0.2505147930948878,,
Solano              ,2022,447027,-0.172383430411666,,
Sonoma              ,2022,479654,-0.1660650413673453,,
Stanislaus          ,2022,548215,-0.1527878454477794,,
State Total,2022,39114785,7.315829966947774,,
Sutter              ,2022,99153,-0.2397510483478551,,
Tehama              ,2022,64942,-0.2463761872694616,,
Trinity             ,2022,15971,-0.2558596773203224,,
Tulare              ,2022,474624,-0.1670391271519081,,
Tuolumne            ,2022,54500,-0.248398335134751,,
Ventura             ,2022,831531,-0.0979222215632426,,
Yolo                ,2022,220176,-0.2163143119850012,,
Yuba                ,2022,82234,-0.2430275011090915,,
Alameda             ,2023,1650656,0.0607056150729556,,
Amador              ,2023,39924,-0.2512210537025023,,
Butte               ,2023,206579,-0.21894744208693,,
Calaveras           ,2023,44899,-0.2502576189553451,,
Colusa              ,2023,21831,-0.2547248576985453,,
Contra Costa        ,2023,1145274,-0.0371642501306154,,
Del Norte,2023,26586,-0.2538040271010112,19733.0,181.0
El Dorado           ,2023,188067,-0.2225323876224823,,
Fresno              ,2023,1010914,-0.0631837662367526,,
Glenn               ,2023,28330,-0.2534662923876359,,
Humboldt            ,2023,134597,-0.232887132533134,,
Imperial            ,2023,179623,-0.2241676123471044,,
Inyo                ,2023,18890,-0.255294397716915,,
Kern                ,2023,906165,-0.0834689574588556,,
Kings               ,2023,151629,-0.2295887967314093,,
Lake                ,2023,66698,-0.2460361286933796,,
Lassen              ,2023,28376,-0.2534573842472602,,
Los Angeles ,2023,9819312,1.642608535268654,,
Madera              ,2023,157909,-0.2283726419148974,,
Marin               ,2023,253972,-0.2097695399820018,,
Mariposa            ,2023,16968,-0.2556666030604398,,
Mendocino           ,2023,89556,-0.2416095575475469,,
Merced              ,2023,285193,-0.2037234301848172,,
Modoc               ,2023,8501,-0.2573062818552497,,
Mono                ,2023,13193,-0.2563976515369259,,
Monterey            ,2023,433953,-0.1749152788306273,,
Napa                ,2023,134508,-0.2329043678482087,,
Nevada              ,2023,100474,-0.2394952297948913,,
Orange              ,2023,3141065,0.3493311061434513,,
Placer              ,2023,410085,-0.1795374417542748,,
Plumas              ,2023,18993,-0.2552744512286823,,
Riverside           ,2023,2428580,0.2113546627608884,,
Sacramento,2023,1576639,0.0463718362427386,1100057.0,45098.0
San Benito  ,2023,65165,-0.2463330021541619,,
San Bernardino    ,2023,2172694,0.1618010017134412,,
San Diego           ,2023,3290423,0.3782550633225257,,
San Francisco,2023,842224,-0.0958514662363378,371509.0,37412.0
San Joaquin,2023,783903,-0.1071456326461773,553941.0,19225.0
San Luis Obispo     ,2023,279818,-0.2047643270221981,,
San Mateo           ,2023,745302,-0.1146209180079888,,
Santa Barbara       ,2023,442342,-0.173290705143411,,
Santa Clara         ,2023,1902799,0.1095344246111347,,
Santa Cruz          ,2023,263338,-0.2079557651394141,,
Shasta              ,2023,179122,-0.2242646336151096,,
Sierra              ,2023,3187,-0.2583353657238714,,
Siskiyou            ,2023,43479,-0.2505326093756392,,
Solano              ,2023,445506,-0.1726779800097416,,
Sonoma              ,2023,479445,-0.1661055153094871,,
Stanislaus          ,2023,545753,-0.1532646246131062,,
State Total,2023,39061058,7.305425452644154,,
Sutter              ,2023,98248,-0.2399263063269862,,
Tehama              ,2023,64710,-0.2464211152817914,,
Trinity             ,2023,15944,-0.2558649060114125,,
Tulare              ,2023,474680,-0.1670282824592768,,
Tuolumne            ,2023,54626,-0.2483739345763306,,
Ventura             ,2023,825960,-0.099001074824833,,
Yolo                ,2023,220454,-0.2162604758322958,,
Yuba                ,2023,82814,-0.2429151810782672,,
Alameda             ,2024,1641869,0.0590039666059667,,
Amador              ,2024,39611,-0.2512816677881023,,
Butte               ,2024,205928,-0.2190735116387691,,
Calaveras           ,2024,44842,-0.250268657303202,,
Colusa              ,2024,21743,-0.2547418993583945,,
Contra Costa        ,2024,1146626,-0.0369024282656593,,
Del Norte,2024,26345,-0.2538506980103709,,
El Dorado           ,2024,188583,-0.2224324615260938,,
Fresno              ,2024,1017431,-0.0619217151317831,,
Glenn               ,2024,28736,-0.2533876683660588,,
Humboldt            ,2024,133100,-0.2331770344057961,,
Imperial            ,2024,182881,-0.2235366836222325,,
Inyo                ,2024,18856,-0.255300981994584,,
Kern                ,2024,910300,-0.0826681931011682,,
Kings               ,2024,152627,-0.2293955288163012,,
Lake                ,2024,67001,-0.2459774511600352,,
Lassen              ,2024,28197,-0.2534920485326353,,
Los Angeles ,2024,9824091,1.6435340135916017,,
Madera              ,2024,159328,-0.2280978451498288,,
Marin               ,2024,252844,-0.2099879830764326,,
Mariposa            ,2024,16966,-0.2556669903708909,,
Mendocino           ,2024,89476,-0.2416250499655917,,
Merced              ,2024,287303,-0.2033148176588873,,
Modoc               ,2024,8484,-0.2573095739940843,,
Mono                ,2024,12861,-0.2564619450718115,,
Monterey            ,2024,437614,-0.174206307049855,,
Napa                ,2024,135029,-0.2328034734756924,,
Nevada              ,2024,100177,-0.2395527453968824,,
Orange              ,2024,3150835,0.3512231176971649,,
Placer              ,2024,412844,-0.1790031469869569,,
Plumas              ,2024,18841,-0.2553038868229674,,
Riverside           ,2024,2442378,0.2140267175631546,,
Sacramento,2024,1578938,0.0468170496062993,,
San Benito  ,2024,65853,-0.2461997673589772,,
San Bernardino    ,2024,2181433,0.1634933547296032,,
San Diego           ,2024,3291101,0.3783863615654548,,
San Francisco,2024,843071,-0.0956874402602892,,
San Joaquin,2024,791408,-0.1056922501783553,,
San Luis Obispo     ,2024,278469,-0.2050255679214775,,
San Mateo           ,2024,741565,-0.1153446075859036,,
Santa Barbara       ,2024,443623,-0.1730426327994696,,
Santa Clara         ,2024,1903198,0.1096116930461329,,
Santa Cruz          ,2024,262572,-0.2081041050421924,,
Shasta              ,2024,179195,-0.2242504967836437,,
Sierra              ,2024,3171,-0.2583384642074804,,
Siskiyou            ,2024,43409,-0.2505461652414284,,
Solano              ,2024,446426,-0.1724998172022271,,
Sonoma              ,2024,478152,-0.1663559115161352,,
Stanislaus          ,2024,548744,-0.1526854018334585,,
State Total,2024,39128162,7.31842049290008,,
Sutter              ,2024,100110,-0.2395657202969949,,
Tehama              ,2024,64308,-0.2464989646824662,,
Trinity             ,2024,15915,-0.2558705220129537,,
Tulare              ,2024,478918,-0.1662075716133568,,
Tuolumne            ,2024,54407,-0.248416345070728,,
Ventura             ,2024,823863,-0.0994071698328307,,
Yolo                ,2024,221666,-0.216025765698918,,
Yuba                ,2024,83721,-0.242739535788685,,
