Data Year,County,Average PM 2.5/County,Number of Site IDs/County,Number of Gas Cars,Number of EV,Population,Population Z Score
2010,Alameda,8.16562328390994,5.0,885402.0,20.0,1510271.0,0.0335193262328241
2010,Butte,8.776450511945393,3.0,133169.0,0.0,220000.0,-0.2163483953046997
2010,Calaveras,7.380349344978166,1.0,39636.0,0.0,45578.0,-0.2501261270571904
2010,Colusa,6.054913294797688,1.0,14610.0,0.0,21419.0,-0.2548046436514757
2010,Contra Costa,7.606920415224914,1.0,666294.0,10.0,1049025.0,-0.055803371935465
2010,Del Norte,2.7868686868686865,1.0,16083.0,0.0,28610.0,-0.2534120689244794
2010,El Dorado,2.195901639344262,1.0,129980.0,0.0,181058.0,-0.2238897170984269
2010,Fresno,11.729537572254335,6.0,481145.0,2.0,930450.0,-0.0787660403061499
2010,Glenn,8.38623595505618,1.0,18720.0,0.0,28122.0,-0.2535065726745522
2010,Humboldt,5.903409090909091,2.0,90949.0,2.0,134623.0,-0.2328820974972694
2010,Imperial,9.424737945492664,3.0,105807.0,0.0,174528.0,-0.2251542857213286
2010,Inyo,6.1629870129870135,2.0,14996.0,0.0,18546.0,-0.2553610151145074
2010,Kern,13.42033029612756,6.0,434405.0,1.0,839631.0,-0.0963536142362129
2010,Kings,17.319102749638205,2.0,69017.0,0.0,152982.0,-0.2293267812112276
2010,Lake,3.0754098360655737,1.0,48130.0,1.0,64665.0,-0.2464298297669415
2010,Los Angeles,12.77542764678687,13.0,5533082.0,372.0,9818605.0,1.6424716210241834
2010,Madera,20.406306306306305,1.0,78679.0,0.0,150865.0,-0.2297367493237365
2010,Marin,9.302552204176337,2.0,174309.0,15.0,252409.0,-0.2100722230995508
2010,Mariposa,8.1338199513382,2.0,15601.0,0.0,18251.0,-0.2554181434060473
2010,Mendocino,7.134129213483146,2.0,66420.0,0.0,87841.0,-0.241941676259381
2010,Merced,14.695588235294116,2.0,132962.0,0.0,255793.0,-0.2094168938162584
2010,Mono,1.994059405940594,1.0,9500.0,0.0,14202.0,-0.2562022534143366
2010,Monterey,6.282692307692307,1.0,241846.0,1.0,415057.0,-0.1785745879727943
2010,Napa,8.715702479338843,1.0,90481.0,4.0,136484.0,-0.2325217051225037
2010,Nevada,5.246046511627908,2.0,74032.0,0.0,98764.0,-0.2398263802305976
2010,Orange,12.010404624277456,2.0,1866285.0,40.0,3010232.0,0.3239946120178615
2010,Placer,10.32635294117647,1.0,241078.0,5.0,348432.0,-0.1914768673756776
2010,Plumas,9.040344827586209,2.0,17400.0,0.0,20007.0,-0.2550780848299653
2010,Riverside,13.275799354649456,9.0,1203395.0,4.0,2189641.0,0.1650828768209933
2010,Sacramento,8.457305194805194,3.0,807914.0,6.0,1418788.0,0.0158031652329898
2010,San Benito,5.172093023255814,2.0,35284.0,1.0,55269.0,-0.248249414266296
2010,San Bernardino,11.85783378746594,9.0,1123942.0,4.0,2035210.0,0.135176506682657
2010,San Diego,9.01835245046924,8.0,1920251.0,29.0,3095313.0,0.3404709922636657
2010,San Francisco,10.505352112676055,1.0,355409.0,24.0,805235.0,-0.1030145793745479
2010,San Joaquin,8.666832298136645,3.0,377744.0,1.0,685306.0,-0.12623945692064
2010,San Luis Obispo,7.450171037628278,4.0,178545.0,1.0,269637.0,-0.2067359308736165
2010,San Mateo,8.291293532338308,1.0,500508.0,50.0,718451.0,-0.1198207544694795
2010,Santa Barbara,7.149165120593692,3.0,251651.0,11.0,423895.0,-0.1768630630893019
2010,Santa Clara,8.372204125950054,3.0,1132294.0,93.0,1781642.0,0.086071738448056
2010,Santa Cruz,6.479768786127168,1.0,167294.0,6.0,262382.0,-0.2081408995350487
2010,Shasta,4.006462585034014,4.0,120137.0,0.0,177223.0,-0.2246323848884465
2010,Siskiyou,2.833139534883721,2.0,35462.0,0.0,44900.0,-0.2502574253001196
2010,Solano,8.05852417302799,1.0,256503.0,0.0,413344.0,-0.1789063193741773
2010,Sonoma,7.204419889502763,1.0,321825.0,8.0,483878.0,-0.1652470416945831
2010,Stanislaus,12.273900293255132,2.0,288895.0,1.0,514453.0,-0.1593260331731099
2010,Sutter,8.227459618208517,1.0,56545.0,0.0,94737.0,-0.2406062298239246
2010,Tehama,10.142073170731708,1.0,38011.0,0.0,63463.0,-0.2466626033480637
2010,Trinity,2.018918918918919,1.0,10728.0,0.0,13786.0,-0.2562828139881692
2010,Tulare,12.302286902286902,3.0,227826.0,1.0,442179.0,-0.1733222709451771
2010,Ventura,8.626295585412668,4.0,532296.0,42.0,823318.0,-0.0995127119307605
2010,Yolo,7.554938271604938,2.0,109452.0,1.0,200849.0,-0.2200570865293843
2011,Alameda,9.461790567545965,3.0,880124.0,362.0,1527169.0,0.0367917122343239
2011,Alpine,11.114285714285714,1.0,971.0,0.0,,
2011,Butte,11.340146878824967,3.0,132458.0,8.0,221377.0,-0.2160817320591046
2011,Calaveras,9.191117478510028,1.0,39368.0,4.0,45561.0,-0.2501294191960249
2011,Colusa,8.111478260869566,2.0,14506.0,0.0,21362.0,-0.2548156819993326
2011,Contra Costa,8.4584229390681,1.0,666604.0,158.0,1061578.0,-0.0533724178890201
2011,Del Norte,3.4198275862068965,1.0,15859.0,0.0,28191.0,-0.2534932104639886
2011,El Dorado,2.5415254237288134,1.0,128988.0,21.0,180887.0,-0.2239228321419976
2011,Fresno,14.723948220064726,6.0,481290.0,33.0,938507.0,-0.0772057601538192
2011,Glenn,8.922063037249284,1.0,18682.0,0.0,28252.0,-0.2534813974952295
2011,Humboldt,7.901197604790419,3.0,89843.0,9.0,135894.0,-0.2326359617055837
2011,Imperial,10.00846325167038,3.0,107635.0,1.0,175448.0,-0.2249761229138142
2011,Inyo,7.3177049180327876,2.0,14756.0,0.0,18582.0,-0.2553540435263872
2011,Kern,13.159707317073172,6.0,437509.0,26.0,845269.0,-0.09526178607451
2011,Kings,17.097679324894514,2.0,68507.0,3.0,150073.0,-0.2298901242623794
2011,Lake,3.5180327868852457,1.0,48088.0,3.0,65318.0,-0.2463033729046514
2011,Los Angeles,13.869350348027842,14.0,5518332.0,1461.0,9872846.0,1.6529756741137414
2011,Madera,17.722004357298474,2.0,78711.0,5.0,151054.0,-0.2297001484861058
2011,Marin,9.006928406466512,2.0,173842.0,104.0,254256.0,-0.2097145418979429
2011,Mariposa,7.680597014925373,2.0,15413.0,1.0,18180.0,-0.255431892927062
2011,Mendocino,8.687146892655367,2.0,66083.0,3.0,87787.0,-0.2419521336415612
2011,Merced,14.873972602739729,2.0,133298.0,3.0,259183.0,-0.2087604026016127
2011,Mono,2.0375,1.0,9461.0,0.0,14312.0,-0.2561809513395251
2011,Monterey,6.060294117647058,1.0,241465.0,27.0,416582.0,-0.1782792637538165
2011,Napa,11.0453125,1.0,90281.0,24.0,136839.0,-0.2324529575174302
2011,Nevada,5.729411764705882,2.0,73187.0,4.0,99035.0,-0.239773899664471
2011,Orange,12.807021517553794,2.0,1873732.0,446.0,3037811.0,0.3293354294835593
2011,Placer,10.410071942446043,1.0,240320.0,35.0,354618.0,-0.1902789161503682
2011,Plumas,11.77697594501718,2.0,17017.0,0.0,19977.0,-0.2550838944867321
2011,Riverside,13.69167883211679,11.0,1211549.0,99.0,2213474.0,0.1696982618117463
2011,Sacramento,11.110596546310832,3.0,804508.0,101.0,1431665.0,0.0182968635725159
2011,San Benito,5.2899141630901285,2.0,35178.0,4.0,55835.0,-0.2481398054086295
2011,San Bernardino,12.952217898832684,9.0,1122878.0,66.0,2055566.0,0.1391185524541405
2011,San Diego,11.997307335190344,7.0,1915640.0,781.0,3124985.0,0.346217130116459
2011,San Francisco,9.525,1.0,353737.0,163.0,815714.0,-0.1009852662659128
2011,San Joaquin,10.47330538085255,3.0,379369.0,20.0,692465.0,-0.1248530791608615
2011,San Luis Obispo,8.793824404761905,4.0,178630.0,35.0,270396.0,-0.2065889465574171
2011,San Mateo,8.663106796116505,1.0,504776.0,339.0,726265.0,-0.1183075325369598
2011,Santa Barbara,8.659024390243902,3.0,250966.0,79.0,424822.0,-0.1766835446952085
2011,Santa Clara,10.108514335360557,3.0,1133618.0,861.0,1805407.0,0.0906739548834709
2011,Santa Cruz,6.463841807909604,1.0,166606.0,50.0,265364.0,-0.2075634196524311
2011,Shasta,4.206785714285715,4.0,118743.0,9.0,178218.0,-0.2244396979390151
2011,Siskiyou,3.518934911242604,2.0,34630.0,0.0,44937.0,-0.2502502600567739
2011,Solano,10.2590618336887,1.0,255749.0,24.0,414084.0,-0.1787630145072635
2011,Sonoma,8.615254237288136,1.0,320561.0,78.0,485975.0,-0.1648409466865854
2011,Stanislaus,15.62760736196319,2.0,288060.0,17.0,517840.0,-0.1586701229241408
2011,Sutter,11.106499261447563,1.0,56564.0,0.0,94535.0,-0.2406453481794876
2011,Tehama,11.336825396825397,1.0,37791.0,2.0,63337.0,-0.2466870039064842
2011,Trinity,12.665338645418329,2.0,10723.0,1.0,13945.0,-0.2562520228073053
2011,Tulare,15.753663570691431,3.0,227483.0,13.0,445415.0,-0.1726956026352675
2011,Ventura,8.696450939457204,4.0,531086.0,155.0,830196.0,-0.0981807512893642
2011,Yolo,11.857073170731706,2.0,109944.0,33.0,202769.0,-0.2196852684963106
2012,Alameda,7.708417508417509,3.0,884729.0,1168.0,1549193.0,0.0410567749220402
2012,Alpine,10.645833333333334,1.0,1011.0,0.0,,
2012,Butte,9.538309352517986,4.0,132130.0,28.0,222623.0,-0.2158404376480578
2012,Calaveras,6.960833333333333,1.0,39567.0,8.0,45544.0,-0.2501327113348595
2012,Colusa,10.620223152022316,2.0,14489.0,0.0,21301.0,-0.2548274949680917
2012,Contra Costa,6.726349206349207,2.0,673659.0,632.0,1075165.0,-0.0507412243393469
2012,Del Norte,2.666379310344828,1.0,15644.0,3.0,28193.0,-0.2534928231535375
2012,El Dorado,2.677586206896552,1.0,128462.0,68.0,180121.0,-0.2240711720447759
2012,Fresno,12.62732368052312,7.0,486872.0,76.0,945656.0,-0.0758213189462963
2012,Glenn,8.182633053221288,1.0,18733.0,0.0,28102.0,-0.2535104457790634
2012,Humboldt,6.540776699029126,3.0,89315.0,21.0,135888.0,-0.232637123636937
2012,Imperial,11.118478260869566,3.0,109630.0,4.0,177599.0,-0.2245595705236363
2012,Inyo,6.428352490421456,2.0,14907.0,2.0,18617.0,-0.2553472655934926
2012,Kern,12.346002805049087,6.0,445574.0,62.0,853585.0,-0.0936513492187595
2012,Kings,14.876041666666666,2.0,69583.0,3.0,151242.0,-0.2296637413037007
2012,Lake,3.9166666666666665,1.0,48721.0,10.0,65573.0,-0.2462539908221337
2012,Los Angeles,12.577220239344951,14.0,5530860.0,4734.0,9937750.0,1.665544672873437
2012,Madera,12.11123595505618,2.0,79537.0,14.0,151155.0,-0.2296805893083243
2012,Marin,7.324890829694324,2.0,173364.0,316.0,257096.0,-0.2091645610573548
2012,Mariposa,8.250101419878296,2.0,15427.0,2.0,18084.0,-0.2554504838287157
2012,Mendocino,6.01564945226917,2.0,66050.0,18.0,88402.0,-0.2418330356778423
2012,Merced,10.903863636363637,2.0,135154.0,16.0,261779.0,-0.2082576736360609
2012,Mono,2.43,1.0,9319.0,0.0,14181.0,-0.2562063201740733
2012,Monterey,5.619803746654773,3.0,243736.0,76.0,422477.0,-0.1771376661991449
2012,Napa,9.702380952380953,1.0,90674.0,81.0,138249.0,-0.2321799036493917
2012,Nevada,5.420338983050848,2.0,72991.0,19.0,98896.0,-0.2398008177408238
2012,Orange,12.024913892078072,2.0,1881637.0,2175.0,3073792.0,0.3363033381544057
2012,Placer,7.235815147625161,2.0,243277.0,118.0,360512.0,-0.1891375122509222
2012,Plumas,12.074157303370788,2.0,16815.0,1.0,19700.0,-0.255137536984212
2012,Riverside,12.516485467051254,11.0,1228399.0,445.0,2239478.0,0.1747340722971883
2012,Sacramento,8.351302083333334,3.0,811630.0,290.0,1447519.0,0.0213670735185318
2012,San Benito,4.541577825159915,2.0,35966.0,14.0,56778.0,-0.2479571885309271
2012,San Bernardino,11.1203125,9.0,1132833.0,344.0,2072061.0,0.1423128953997399
2012,San Diego,10.510927487352443,10.0,1931167.0,1967.0,3155715.0,0.3521681551978939
2012,San Francisco,8.144736842105264,1.0,354656.0,507.0,826354.0,-0.0989247746659627
2012,San Joaquin,10.054600301659123,3.0,382646.0,75.0,699719.0,-0.1234483041546549
2012,San Luis Obispo,7.450491573033708,4.0,179353.0,82.0,272951.0,-0.2060941574561133
2012,San Mateo,8.386233766233765,1.0,510352.0,816.0,735915.0,-0.1164387596103133
2012,Santa Barbara,7.447965474722565,3.0,252663.0,170.0,427960.0,-0.1760758545974037
2012,Santa Clara,8.192281303602059,3.0,1140932.0,2511.0,1833344.0,0.0960841009199189
2012,Santa Cruz,5.778857142857143,1.0,167095.0,154.0,267492.0,-0.2071513213324411
2012,Shasta,4.83731884057971,4.0,117732.0,19.0,178865.0,-0.2243144030080783
2012,Siskiyou,4.500561797752809,2.0,34251.0,3.0,44778.0,-0.2502810512376378
2012,Solano,8.643614457831324,1.0,257811.0,107.0,418963.0,-0.17781817066176
2012,Sonoma,8.193567251461987,1.0,323367.0,238.0,488601.0,-0.1643324080642669
2012,Stanislaus,13.16359163591636,2.0,290325.0,40.0,521723.0,-0.1579181596832943
2012,Sutter,8.449154929577464,1.0,56491.0,4.0,94718.0,-0.2406099092732102
2012,Tehama,8.310481586402267,1.0,37842.0,4.0,63202.0,-0.2467131473619347
2012,Trinity,13.40735632183908,2.0,10633.0,4.0,14193.0,-0.2562039963113666
2012,Tulare,14.055168776371309,3.0,230802.0,31.0,449884.0,-0.1718301574322433
2012,Ventura,9.390898203592814,5.0,534659.0,491.0,835510.0,-0.0971516674207425
2012,Yolo,8.603588516746411,2.0,109437.0,87.0,204087.0,-0.2194300309090236
2013,Alameda,10.422489270386269,3.0,917322.0,3622.0,1575139.0,0.0460813534043998
2013,Alpine,31.54375,1.0,1039.0,2.0,,
2013,Butte,10.324971623155504,3.0,135830.0,69.0,224391.0,-0.2154980552092691
2013,Calaveras,9.176790830945558,1.0,40843.0,27.0,45499.0,-0.2501414258200096
2013,Colusa,8.756010928961748,2.0,14997.0,1.0,21418.0,-0.2548048373067013
2013,Contra Costa,9.808089260808924,2.0,698252.0,1929.0,1090305.0,-0.0478092842243803
2013,Del Norte,3.2183333333333333,1.0,15830.0,12.0,27752.0,-0.2535782251080091
2013,El Dorado,3.425,1.0,133050.0,212.0,179663.0,-0.224159866138082
2013,Fresno,14.477798249654535,6.0,503427.0,226.0,953114.0,-0.0743770382740756
2013,Glenn,9.648882681564244,1.0,19061.0,2.0,27914.0,-0.2535468529614685
2013,Humboldt,7.691666666666666,3.0,91760.0,54.0,135810.0,-0.2326522287445306
2013,Imperial,9.962979683972913,3.0,113063.0,15.0,177731.0,-0.2245340080338625
2013,Inyo,7.384413309982487,3.0,15218.0,6.0,18673.0,-0.2553364209008613
2013,Kern,14.549013657056149,6.0,459264.0,189.0,861948.0,-0.0920318105674077
2013,Kings,18.006122448979593,2.0,71228.0,11.0,150004.0,-0.229903486472943
2013,Lake,3.868852459016393,1.0,50061.0,24.0,65928.0,-0.2461852432170602
2013,Los Angeles,12.271465854719445,12.0,5690003.0,13869.0,9995638.0,1.6767549865706093
2013,Madera,14.033850493653032,2.0,82070.0,27.0,150652.0,-0.2297779978867807
2013,Marin,9.61462365591398,2.0,178103.0,946.0,258815.0,-0.2088316677246184
2013,Mariposa,8.073106060606062,2.0,15908.0,5.0,17936.0,-0.2554791448020985
2013,Mendocino,9.596774193548388,2.0,67977.0,43.0,89320.0,-0.2416552601807789
2013,Merced,13.81002277904328,2.0,139433.0,39.0,263501.0,-0.2079241993376479
2013,Mono,3.4343137254901963,1.0,9641.0,1.0,13865.0,-0.2562675152253501
2013,Monterey,6.445311130587204,3.0,251527.0,211.0,425742.0,-0.1765053818876941
2013,Napa,11.71784702549575,1.0,94323.0,210.0,138808.0,-0.2320716503783041
2013,Nevada,7.651886792452831,2.0,74537.0,52.0,99116.0,-0.2397582135912007
2013,Orange,11.522488038277512,2.0,1945863.0,6114.0,3105236.0,0.3423926330668899
2013,Placer,8.651629726205998,2.0,251830.0,387.0,365195.0,-0.1882306248296283
2013,Plumas,12.442205323193916,3.0,17019.0,3.0,19345.0,-0.2552062845892855
2013,Riverside,11.946188150350393,11.0,1276953.0,1299.0,2260809.0,0.1788649319135921
2013,Sacramento,10.474176153385262,4.0,839193.0,1002.0,1461786.0,0.0241299526215852
2013,San Benito,5.418859649122807,2.0,37438.0,45.0,57386.0,-0.2478394461537871
2013,San Bernardino,10.76643059490085,8.0,1167485.0,1003.0,2085599.0,0.1449345998433606
2013,San Diego,9.743996218090135,9.0,2003012.0,4448.0,3190323.0,0.3588701752440474
2013,San Francisco,10.073654390934845,1.0,368001.0,1313.0,839556.0,-0.0963681383781299
2013,San Joaquin,13.341267501842298,3.0,395126.0,218.0,705545.0,-0.1223200688105469
2013,San Luis Obispo,9.159525471039776,4.0,185467.0,251.0,275482.0,-0.2056040160802229
2013,San Mateo,10.71082621082621,1.0,529074.0,2441.0,745842.0,-0.1145163441861868
2013,Santa Barbara,7.701371571072319,3.0,260928.0,414.0,432485.0,-0.1751995647017482
2013,Santa Clara,10.05565819861432,3.0,1178520.0,7816.0,1861489.0,0.1015345272432832
2013,Santa Cruz,8.319829059829061,2.0,172542.0,546.0,269714.0,-0.2067210194212485
2013,Shasta,4.143840579710145,4.0,121390.0,52.0,180106.0,-0.2240740768731593
2013,Siskiyou,4.653107344632769,2.0,35257.0,9.0,44726.0,-0.2502911213093669
2013,Solano,10.57319587628866,1.0,267275.0,325.0,423373.0,-0.1769641511170439
2013,Sonoma,8.438218390804598,1.0,334893.0,756.0,492751.0,-0.1635287388781961
2013,Stanislaus,14.59315589353612,2.0,298876.0,108.0,525173.0,-0.157250049155115
2013,Sutter,9.449139280125197,1.0,58343.0,10.0,94496.0,-0.2406529007332844
2013,Tehama,4.659356725146199,1.0,39408.0,6.0,63257.0,-0.2467024963245289
2013,Trinity,9.868217054263566,2.0,10822.0,3.0,14442.0,-0.2561557761602024
2013,Tulare,16.514469772051534,3.0,238536.0,62.0,453530.0,-0.1711240904798544
2013,Ventura,8.662445887445887,5.0,548331.0,1139.0,841501.0,-0.0959914789644172
2013,Yolo,6.9812967581047385,2.0,114271.0,259.0,206386.0,-0.2189848175454629
2014,Alameda,8.390548578982154,4.0,945024.0,8304.0,1597747.0,0.0504595107438427
2014,Alpine,6.042000000000001,1.0,1713.0,5.0,,
2014,Butte,8.31566339066339,3.0,138086.0,134.0,225737.0,-0.2152373952756664
2014,Calaveras,7.899715099715101,1.0,41952.0,40.0,45461.0,-0.2501487847185809
2014,Colusa,8.365757162346522,2.0,15222.0,4.0,21442.0,-0.2548001895812878
2014,Contra Costa,8.54217877094972,2.0,715671.0,4233.0,1104732.0,-0.0450154202852374
2014,Del Norte,3.585217391304348,1.0,15688.0,19.0,27341.0,-0.253657817405714
2014,El Dorado,3.4240566037735847,2.0,135913.0,460.0,180132.0,-0.2240690418372947
2014,Fresno,13.092050944224855,6.0,516116.0,740.0,959645.0,-0.0731122759959484
2014,Glenn,7.388483146067416,1.0,19540.0,4.0,27946.0,-0.2535406559942507
2014,Humboldt,7.88748627881449,3.0,93068.0,221.0,135895.0,-0.2326357680503581
2014,Imperial,14.049774774774772,3.0,117294.0,27.0,178471.0,-0.2243907031669486
2014,Inyo,7.009612141652614,2.0,15352.0,9.0,18771.0,-0.2553174426887565
2014,Kern,12.9488772845953,7.0,471196.0,414.0,867021.0,-0.0910493976081458
2014,Kings,16.62911111111111,2.0,72538.0,23.0,148974.0,-0.230102951355269
2014,Lake,4.065573770491803,1.0,51366.0,56.0,66484.0,-0.2460775709116493
2014,Los Angeles,14.018175235336711,12.0,5816774.0,28696.0,10037944.0,1.684947764543118
2014,Madera,12.167600700525394,2.0,84033.0,85.0,152067.0,-0.2295039757426143
2014,Marin,9.61185344827586,2.0,180602.0,1866.0,261931.0,-0.2082282380417759
2014,Mariposa,7.141567291311755,2.0,16172.0,11.0,17865.0,-0.2554928943231132
2014,Mendocino,7.083214793741109,2.0,69253.0,130.0,89569.0,-0.2416070400296147
2014,Merced,11.000227272727274,2.0,143703.0,91.0,264670.0,-0.2076978163789692
2014,Mono,2.565454545454545,1.0,9677.0,6.0,13712.0,-0.2562971444748606
2014,Monterey,4.735247349823322,3.0,259198.0,509.0,427425.0,-0.1761794601430779
2014,Napa,11.9515406162465,1.0,95647.0,423.0,140114.0,-0.2318187366537237
2014,Nevada,6.038578680203045,2.0,76068.0,113.0,99490.0,-0.2396857865368416
2014,Orange,14.82504638218924,2.0,1991231.0,12690.0,3125985.0,0.3464107853420182
2014,Placer,8.548761408083442,2.0,258140.0,882.0,369910.0,-0.1873175404411166
2014,Plumas,13.493454545454544,2.0,17236.0,6.0,19120.0,-0.2552498570150364
2014,Riverside,13.692266047950504,11.0,1317751.0,2933.0,2280208.0,0.1826216496342154
2014,Sacramento,8.205079006772008,4.0,863881.0,2229.0,1476829.0,0.0270431081796726
2014,San Benito,4.426793248945148,2.0,38532.0,99.0,58212.0,-0.2476794869374752
2014,San Bernardino,11.474732142857144,8.0,1201860.0,2295.0,2096526.0,0.1470506704930463
2014,San Diego,8.931789783167954,10.0,2045488.0,8186.0,3219710.0,0.3645611213575563
2014,San Francisco,7.639275766016713,1.0,373808.0,2618.0,846661.0,-0.0949922180005316
2014,San Joaquin,10.11589958158996,3.0,409085.0,537.0,712387.0,-0.1209950797572707
2014,San Luis Obispo,8.681773743016759,4.0,189554.0,476.0,278272.0,-0.2050637180009126
2014,San Mateo,7.112324929971988,1.0,545796.0,4491.0,751906.0,-0.1133420188983957
2014,Santa Barbara,7.747200689061154,4.0,268208.0,755.0,437066.0,-0.1743124301134614
2014,Santa Clara,7.911523046092184,3.0,1204964.0,16156.0,1883691.0,0.1058340605611491
2014,Santa Cruz,7.249242424242424,3.0,176901.0,1090.0,271559.0,-0.2063637255300917
2014,Shasta,4.3117857142857146,4.0,121875.0,97.0,180826.0,-0.2239346451107567
2014,Siskiyou,5.169811320754717,2.0,35444.0,20.0,44674.0,-0.2503011913810959
2014,Solano,9.670294494238156,1.0,274494.0,767.0,428671.0,-0.1759381657320311
2014,Sonoma,7.746742209631728,1.0,343411.0,1821.0,496615.0,-0.1627804550866353
2014,Stanislaus,11.798872180451127,2.0,307763.0,238.0,528123.0,-0.1566787662397153
2014,Sutter,10.57059620596206,1.0,59875.0,34.0,95103.0,-0.2405353520113699
2014,Tehama,1.477777777777778,1.0,41992.0,22.0,63067.0,-0.2467392908173852
2014,Trinity,3.6669642857142857,1.0,10958.0,5.0,14692.0,-0.2561073623538126
2014,Tulare,15.76929911154985,3.0,244945.0,126.0,455774.0,-0.1706895281536995
2014,Ventura,8.85693533270853,5.0,557822.0,2243.0,846456.0,-0.0950319173217712
2014,Yolo,8.092658227848101,2.0,117003.0,498.0,206708.0,-0.2189224605628329
2015,Alameda,9.290787623066104,4.0,962566.0,13197.0,1622205.0,0.0551959302505702
2015,Alpine,39.16129032258065,1.0,2713.0,3.0,,
2015,Butte,8.959887005649717,3.0,139988.0,178.0,227400.0,-0.2149153466355614
2015,Calaveras,8.703013698630137,1.0,42461.0,53.0,45395.0,-0.2501615659634678
2015,Colusa,9.12627939142462,2.0,15531.0,6.0,21338.0,-0.254820329724746
2015,Contra Costa,8.851906158357771,2.0,730630.0,6769.0,1120530.0,-0.0419560550318528
2015,Del Norte,4.565789473684211,1.0,16035.0,26.0,26973.0,-0.2537290825287198
2015,El Dorado,3.542127659574468,2.0,137350.0,679.0,180914.0,-0.2239176034509075
2015,Fresno,12.71343954248366,6.0,530921.0,1306.0,968417.0,-0.0714135323573429
2015,Glenn,8.473487031700289,1.0,19773.0,11.0,27966.0,-0.2535367828897394
2015,Humboldt,6.524729520865534,3.0,94136.0,455.0,136542.0,-0.2325104731194213
2015,Imperial,11.253148425787106,3.0,122830.0,42.0,179769.0,-0.2241393386841728
2015,Inyo,6.5019607843137255,2.0,15536.0,12.0,18765.0,-0.2553186046201099
2015,Kern,11.873031135531136,7.0,481923.0,684.0,873453.0,-0.0898038071973489
2015,Kings,16.706629834254144,2.0,74305.0,45.0,148817.0,-0.2301333552256818
2015,Lake,3.845,1.0,51696.0,90.0,66975.0,-0.2459824861958997
2015,Los Angeles,12.291653826399587,12.0,5919211.0,42952.0,10072887.0,1.6917146590898338
2015,Madera,13.378151260504202,1.0,86283.0,138.0,152930.0,-0.2293368512829567
2015,Marin,8.24757505773672,2.0,179826.0,2826.0,263888.0,-0.2078492547653565
2015,Mariposa,6.751795841209829,2.0,16249.0,13.0,17724.0,-0.2555201997099171
2015,Mendocino,8.269900142653352,2.0,69993.0,294.0,90018.0,-0.2415200888333386
2015,Merced,12.87929515418502,2.0,147554.0,153.0,266740.0,-0.2072969500620616
2015,Mono,2.602608695652174,1.0,9766.0,8.0,13674.0,-0.2563045033734319
2015,Monterey,5.557797356828194,3.0,265100.0,794.0,429887.0,-0.1757026809777511
2015,Napa,10.610893854748603,1.0,97255.0,627.0,140654.0,-0.2317141628319217
2015,Nevada,5.147798742138365,2.0,76456.0,204.0,100341.0,-0.2395209859398907
2015,Orange,11.545180722891564,2.0,2015540.0,19338.0,3148491.0,0.350769189848454
2015,Placer,8.71958495460441,2.0,261815.0,1356.0,373578.0,-0.1866072130737654
2015,Plumas,13.370036101083032,2.0,17197.0,6.0,19035.0,-0.2552663177092089
2015,Riverside,11.661700488055484,10.0,1359641.0,4510.0,2302000.0,0.186841784309602
2015,Sacramento,9.81788222582388,4.0,886961.0,3358.0,1495130.0,0.0305871924626319
2015,San Benito,4.239662447257384,2.0,39647.0,143.0,58839.0,-0.2475580651110496
2015,San Bernardino,11.407293447293448,9.0,1236579.0,3506.0,2114182.0,0.1504698471555199
2015,San Diego,8.778631899762953,11.0,2083973.0,12054.0,3248180.0,0.3700744856292274
2015,San Francisco,7.575910364145658,1.0,374022.0,4045.0,855489.0,-0.0932826296692948
2015,San Joaquin,11.400502512562811,3.0,422665.0,867.0,724185.0,-0.1187103354061229
2015,San Luis Obispo,8.128165771297008,5.0,191906.0,766.0,279620.0,-0.2048026707568588
2015,San Mateo,5.695277777777778,1.0,555410.0,6854.0,758673.0,-0.1120315539870365
2015,Santa Barbara,7.668645908761767,5.0,272577.0,1069.0,440902.0,-0.1735695686682162
2015,Santa Clara,8.66956155143339,3.0,1222380.0,24812.0,1907380.0,0.1104215591994215
2015,Santa Cruz,5.489340813464236,2.0,178558.0,1702.0,274207.0,-0.2058509264928109
2015,Shasta,4.356725146198831,2.0,122772.0,144.0,181253.0,-0.2238519543294429
2015,Siskiyou,5.199386503067485,2.0,35994.0,28.0,44550.0,-0.2503252046290653
2015,Solano,9.400292825768668,1.0,282424.0,1242.0,433545.0,-0.1749942901626554
2015,Sonoma,6.647109826589595,1.0,347000.0,2946.0,499963.0,-0.162132097391463
2015,Stanislaus,11.941975308641975,2.0,316995.0,464.0,532534.0,-0.1558245530397735
2015,Sutter,9.184519230769231,1.0,61151.0,48.0,95421.0,-0.2404737696496421
2015,Tehama,4.847468354430379,2.0,41890.0,27.0,63405.0,-0.2466738353511462
2015,Trinity,2.626470588235294,1.0,11050.0,10.0,14906.0,-0.2560659201355429
2015,Tulare,14.385774058577406,3.0,251351.0,201.0,458186.0,-0.1702224317496506
2015,Ventura,8.299811053377422,5.0,566173.0,3303.0,849950.0,-0.0943552859636673
2015,Yolo,9.693236714975846,2.0,119085.0,697.0,208343.0,-0.2186058342690435
2016,Alameda,7.655541401273886,5.0,997320.0,18141.0,1641983.0,0.0590260433016805
2016,Alpine,6.429166666666667,1.0,1699.0,4.0,,
2016,Butte,8.283529411764706,3.0,144796.0,245.0,228198.0,-0.2147608097655652
2016,Calaveras,8.036705202312138,1.0,44215.0,75.0,45402.0,-0.2501602103768889
2016,Colusa,6.286500655307996,2.0,16305.0,8.0,21531.0,-0.254782954266213
2016,Contra Costa,7.041642228739002,2.0,756822.0,9293.0,1136478.0,-0.0388676414946343
2016,Del Norte,4.7165048543689325,2.0,16389.0,36.0,26960.0,-0.2537316000466521
2016,El Dorado,3.2582568807339447,2.0,142202.0,927.0,181630.0,-0.2237789463094071
2016,Fresno,10.743595263724435,7.0,554754.0,2054.0,975622.0,-0.0700182464571887
2016,Glenn,9.2,1.0,20701.0,19.0,27714.0,-0.2535855840065804
2016,Humboldt,5.445876288659794,2.0,97681.0,673.0,137015.0,-0.2324188741977318
2016,Imperial,12.051848249027236,3.0,131459.0,62.0,179897.0,-0.2241145508153012
2016,Inyo,5.212544802867383,2.0,15941.0,15.0,18876.0,-0.2552971088900728
2016,Kern,10.797303370786516,7.0,497026.0,987.0,876846.0,-0.0891467350170264
2016,Kings,15.374583333333334,2.0,76498.0,93.0,148487.0,-0.2301972614501164
2016,Lake,2.985245901639344,1.0,54241.0,115.0,66991.0,-0.2459793877122908
2016,Los Angeles,11.452433347439694,13.0,6154945.0,60589.0,10087542.0,1.6945526764204042
2016,Madera,11.857553956834533,1.0,89419.0,192.0,152819.0,-0.2293583470129938
2016,Marin,6.160681818181818,2.0,183934.0,3858.0,264554.0,-0.2077202803851341
2016,Mariposa,6.805424954792043,2.0,16555.0,22.0,17625.0,-0.2555393715772474
2016,Mendocino,6.330670470756063,2.0,73250.0,440.0,90761.0,-0.2413762030007481
2016,Merced,11.78707627118644,2.0,155608.0,226.0,268527.0,-0.2069508881739873
2016,Mono,2.3836206896551726,1.0,10289.0,15.0,13412.0,-0.2563552410425284
2016,Monterey,5.776855123674912,3.0,276640.0,1093.0,434712.0,-0.1747682945144278
2016,Napa,8.57816091954023,1.0,100108.0,888.0,141119.0,-0.2316241131520367
2016,Nevada,5.71271676300578,2.0,79306.0,324.0,100793.0,-0.2394334537779379
2016,Orange,10.636613272311212,2.0,2090818.0,26956.0,3165028.0,0.3539716663135269
2016,Placer,7.006375,2.0,272468.0,1829.0,379143.0,-0.1855295217435283
2016,Plumas,10.457347670250895,2.0,17894.0,11.0,19017.0,-0.2552698035032689
2016,Riverside,11.45558838010832,10.0,1426424.0,6329.0,2326213.0,0.1915307582860675
2016,Sacramento,7.8990731707317074,5.0,924973.0,4569.0,1511942.0,0.0338429241147336
2016,San Benito,4.273206751054852,2.0,41896.0,209.0,59563.0,-0.2474178587277447
2016,San Bernardino,10.939621182837262,9.0,1291619.0,4911.0,2124990.0,0.152562872833364
2016,San Diego,9.229940784603995,12.0,2165631.0,16914.0,3263004.0,0.3729452306929173
2016,San Francisco,7.583333333333333,1.0,382460.0,5558.0,861977.0,-0.0920261945658665
2016,San Joaquin,10.24390060240964,3.0,444390.0,1439.0,735670.0,-0.1164862051405753
2016,San Luis Obispo,6.8653418124006365,4.0,197388.0,1061.0,281046.0,-0.2045265184052113
2016,San Mateo,8.32471590909091,1.0,567082.0,9419.0,763530.0,-0.1110909705564953
2016,Santa Barbara,6.720848056537102,4.0,283308.0,1568.0,444102.0,-0.1729498719464267
2016,Santa Clara,7.735081685296646,3.0,1261508.0,33659.0,1923243.0,0.1134935120424675
2016,Santa Cruz,5.243697478991597,2.0,185146.0,2275.0,275625.0,-0.2055763233829679
2016,Shasta,3.100591715976331,2.0,126316.0,191.0,180374.0,-0.2240221772727094
2016,Siskiyou,3.034482758620689,2.0,37724.0,35.0,44497.0,-0.25033546835602
2016,Solano,7.89956647398844,1.0,292578.0,1645.0,438420.0,-0.1740502209380542
2016,Sonoma,4.641061452513966,1.0,359813.0,4089.0,501553.0,-0.1618241855828238
2016,Stanislaus,11.647183979974969,2.0,333680.0,810.0,537785.0,-0.1548076694503621
2016,Sutter,9.771830985915493,1.0,63565.0,70.0,96065.0,-0.2403490556843819
2016,Tehama,4.271780821917808,1.0,42937.0,33.0,64017.0,-0.2465553183531039
2016,Trinity,11.27005988023952,1.0,11388.0,18.0,15136.0,-0.2560213794336643
2016,Tulare,13.531062124248496,3.0,263354.0,281.0,461170.0,-0.1696445645565819
2016,Ventura,8.743547630220554,5.0,584235.0,4449.0,851155.0,-0.0941219314168684
2016,Yolo,7.415641025641025,2.0,124121.0,933.0,211938.0,-0.2179096437331581
2017,Alameda,10.324091671324762,5.0,1111061.0,24927.0,1656919.0,0.061918477750633
2017,Butte,9.984574868322047,3.0,162254.0,395.0,230412.0,-0.2143320570961771
2017,Calaveras,13.379148936170212,1.0,50157.0,115.0,45355.0,-0.2501693121724901
2017,Colusa,6.321030640668524,2.0,18276.0,12.0,21773.0,-0.2547360897016277
2017,Contra Costa,11.436072423398327,2.0,848104.0,12972.0,1147957.0,-0.03664467316044
2017,Del Norte,6.055091383812011,2.0,18299.0,47.0,27158.0,-0.2536932563119913
2017,El Dorado,3.6339449541284408,2.0,161188.0,1322.0,182695.0,-0.2235727034941865
2017,Fresno,12.018656182987849,7.0,628363.0,3198.0,983436.0,-0.0685050245246689
2017,Glenn,9.259934853420196,1.0,23472.0,24.0,27786.0,-0.2535716408303402
2017,Humboldt,7.187971698113207,2.0,108338.0,960.0,138027.0,-0.2322228951094658
2017,Imperial,11.647614314115309,3.0,149855.0,109.0,180854.0,-0.223929222764441
2017,Inyo,5.939453551912568,2.0,18114.0,26.0,18880.0,-0.2552963342691706
2017,Kern,11.25320197044335,8.0,558042.0,1493.0,883531.0,-0.087852149834163
2017,Kings,16.68937728937729,2.0,86788.0,184.0,148079.0,-0.2302762727821445
2017,Lake,5.928813559322034,2.0,61025.0,203.0,67318.0,-0.2459160624535329
2017,Los Angeles,12.187669801462905,13.0,6848320.0,85094.0,10107312.0,1.69838124022971
2017,Madera,12.537196765498653,1.0,101652.0,281.0,154151.0,-0.2291003982525489
2017,Marin,9.066033755274262,2.0,203780.0,5262.0,264366.0,-0.2077566875675392
2017,Mariposa,10.881149012567326,2.0,18468.0,28.0,17501.0,-0.2555633848252167
2017,Mendocino,9.073379310344828,2.0,81333.0,601.0,91368.0,-0.2412586542788336
2017,Merced,13.080467091295116,2.0,177219.0,348.0,271094.0,-0.2064537752099767
2017,Mono,3.567,1.0,11550.0,22.0,13425.0,-0.2563527235245961
2017,Monterey,5.857168141592921,3.0,311513.0,1567.0,437800.0,-0.1741702871779009
2017,Napa,13.728133704735376,1.0,111695.0,1223.0,140837.0,-0.2316787239256444
2017,Nevada,5.832142857142857,2.0,89168.0,476.0,100998.0,-0.2393937544566983
2017,Orange,11.706720741599073,2.0,2339967.0,38954.0,3185541.0,0.3579441159554233
2017,Placer,6.364962593516209,2.0,308969.0,2648.0,386586.0,-0.184088145899691
2017,Plumas,12.802476190476192,2.0,20174.0,18.0,19365.0,-0.2552024114847743
2017,Riverside,11.308947081287506,10.0,1622197.0,9837.0,2355286.0,0.1971608966587508
2017,Sacramento,9.675857519788918,5.0,1046050.0,6966.0,1530548.0,0.0374460732414885
2017,San Benito,4.889834024896266,2.0,47857.0,347.0,60499.0,-0.2472365974366213
2017,San Bernardino,11.669824561403509,9.0,1463174.0,7462.0,2142339.0,0.155922597341591
2017,San Diego,8.92035040431267,8.0,2434586.0,23410.0,3279856.0,0.3762087085540413
2017,San Francisco,9.680167597765363,1.0,420275.0,7824.0,867378.0,-0.0909802626926212
2017,San Joaquin,10.772834937083642,3.0,507686.0,2332.0,747119.0,-0.1142690464631477
2017,San Luis Obispo,7.81882605583393,4.0,220486.0,1648.0,282284.0,-0.204286773235969
2017,San Mateo,9.005898876404494,1.0,637236.0,12702.0,765207.0,-0.1107662107432325
2017,Santa Barbara,8.884319999999999,5.0,317555.0,2376.0,445716.0,-0.1726373124123741
2017,Santa Clara,8.895731707317072,3.0,1402093.0,44448.0,1930897.0,0.1149757491388978
2017,Santa Cruz,6.404096045197741,2.0,206951.0,3062.0,275410.0,-0.2056179592564631
2017,Shasta,5.21123595505618,2.0,140389.0,296.0,180810.0,-0.2239377435943656
2017,Siskiyou,6.6140449438202245,2.0,41854.0,48.0,44377.0,-0.2503587069830871
2017,Solano,10.393314763231198,1.0,330279.0,2431.0,444713.0,-0.17283154860361
2017,Sonoma,8.095068493150684,1.0,400994.0,6263.0,502454.0,-0.161649702224595
2017,Stanislaus,12.771214017521904,2.0,378035.0,1190.0,545273.0,-0.1533575791213746
2017,Sutter,10.652161383285303,1.0,71648.0,113.0,97649.0,-0.2400423058070961
2017,Tehama,7.176900584795321,1.0,47705.0,56.0,64304.0,-0.2464997393033684
2017,Trinity,19.20843373493976,2.0,12372.0,22.0,15381.0,-0.2559739339034023
2017,Tulare,15.053673469387755,3.0,299138.0,609.0,463514.0,-0.1691906367078711
2017,Ventura,9.623968105065666,5.0,654094.0,6284.0,850424.0,-0.0942634933867522
2017,Yolo,9.017866666666666,2.0,140187.0,1374.0,214387.0,-0.2174353820857636
2018,Alameda,12.913035019455254,6.0,1111143.0,34732.0,1666247.0,0.0637248936946495
2018,Butte,14.488928317956,3.0,161666.0,588.0,231774.0,-0.2140682986789654
2018,Calaveras,14.665546218487396,1.0,50452.0,177.0,45367.0,-0.2501669883097834
2018,Colusa,11.266090425531916,2.0,18425.0,21.0,21808.0,-0.2547293117687332
2018,Contra Costa,13.12025495750708,2.0,852483.0,18421.0,1155105.0,-0.0352604256081427
2018,Del Norte,6.00607476635514,2.0,18683.0,64.0,27269.0,-0.2536717605819543
2018,El Dorado,4.518565400843882,2.0,162960.0,1905.0,185303.0,-0.223067650665928
2018,Fresno,13.152118644067798,7.0,641795.0,4154.0,992091.0,-0.0668289385474538
2018,Glenn,10.08103448275862,1.0,23835.0,35.0,27854.0,-0.2535584722750021
2018,Humboldt,7.590645161290322,2.0,107341.0,1170.0,137893.0,-0.2322488449096908
2018,Imperial,12.108333333333333,3.0,152977.0,163.0,181374.0,-0.2238285220471502
2018,Inyo,6.915168539325842,2.0,18335.0,42.0,18906.0,-0.255291299233306
2018,Kern,11.643714011516314,8.0,566986.0,2094.0,891340.0,-0.0863398961777711
2018,Kings,17.518765743073047,2.0,87961.0,273.0,150058.0,-0.2298930290907628
2018,Lake,9.154237288135594,1.0,61418.0,265.0,67890.0,-0.245805291664513
2018,Los Angeles,12.26665268456376,13.0,6835247.0,115035.0,10107841.0,1.698483683844031
2018,Madera,14.116042780748662,1.0,103610.0,362.0,155100.0,-0.2289166194434932
2018,Marin,10.643468950749464,2.0,202836.0,6991.0,264099.0,-0.2078083935127635
2018,Mariposa,18.11581108829569,2.0,18357.0,57.0,17398.0,-0.2555833313134493
2018,Mendocino,10.506500691562932,2.0,81304.0,726.0,91667.0,-0.2412007513663914
2018,Merced,14.990396659707724,2.0,181566.0,568.0,274768.0,-0.2057422859112722
2018,Mono,10.26645728643216,3.0,11640.0,31.0,13319.0,-0.2563732509785054
2018,Monterey,6.6809146877748455,3.0,316496.0,2259.0,438000.0,-0.1741315561327891
2018,Napa,11.413881019830027,2.0,112241.0,1650.0,139786.0,-0.2318822555677072
2018,Nevada,6.3884765625,2.0,89660.0,682.0,101640.0,-0.2392694278018893
2018,Orange,11.33141304347826,2.0,2346791.0,54835.0,3192479.0,0.3592876959103531
2018,Placer,10.025,2.0,315501.0,3839.0,392693.0,-0.1829054934372008
2018,Plumas,11.94084249084249,2.0,20474.0,28.0,19388.0,-0.2551979574145865
2018,Riverside,10.242809105018106,11.0,1651047.0,14204.0,2375547.0,0.2010845451838062
2018,Sacramento,12.236964656964656,5.0,1059363.0,10450.0,1547095.0,0.040650486258817
2018,San Benito,6.618336886993603,2.0,49468.0,479.0,61143.0,-0.2471118834713611
2018,San Bernardino,11.269344687152904,9.0,1484400.0,10823.0,2153258.0,0.1580371187494721
2018,San Diego,10.19469453376206,8.0,2443263.0,33830.0,3294139.0,0.3789746861407037
2018,San Francisco,11.676487252124646,1.0,414271.0,11278.0,872724.0,-0.0899449818567816
2018,San Joaquin,14.722066057624737,3.0,519661.0,3469.0,755573.0,-0.1126318851862701
2018,San Luis Obispo,7.10726618705036,4.0,221429.0,2476.0,282754.0,-0.2041957552799562
2018,San Mateo,10.543098591549295,1.0,641943.0,18271.0,766114.0,-0.1105905654536503
2018,Santa Barbara,7.305855855855856,5.0,319786.0,3354.0,447377.0,-0.1723156510827203
2018,Santa Clara,10.92190395956192,3.0,1399036.0,60245.0,1936569.0,0.1160741615782697
2018,Santa Cruz,7.357708628005657,2.0,206571.0,4004.0,274274.0,-0.2058379515926984
2018,Shasta,9.561676646706587,2.0,140931.0,442.0,181792.0,-0.2237475741628664
2018,Siskiyou,17.12373417721519,2.0,41672.0,69.0,44315.0,-0.2503707136070717
2018,Solano,12.437537537537535,1.0,335672.0,3421.0,447744.0,-0.17224457961494
2018,Sonoma,8.4,1.0,400422.0,8008.0,499410.0,-0.1622391887311972
2018,Stanislaus,15.836625,2.0,385092.0,1605.0,548363.0,-0.1527591844743966
2018,Sutter,14.446820809248557,1.0,72395.0,174.0,99498.0,-0.2396842372950371
2018,Tehama,10.581267217630854,1.0,47941.0,75.0,64789.0,-0.2464058165189722
2018,Trinity,12.70190735694823,2.0,12032.0,26.0,15642.0,-0.2559233898895313
2018,Tulare,16.24841897233202,3.0,303924.0,853.0,466766.0,-0.1685608699143525
2018,Ventura,9.060714285714283,5.0,656711.0,8930.0,850604.0,-0.0942286354461516
2018,Yolo,11.439303482587066,2.0,141511.0,2016.0,215708.0,-0.2171795635327998
2019,Alameda,7.329480580252691,6.0,1110435.0,42887.0,1675964.0,0.0656066415214084
2019,Butte,6.970972886762361,3.0,154139.0,796.0,227263.0,-0.214941877401463
2019,Calaveras,5.46094674556213,1.0,50718.0,224.0,45324.0,-0.2501753154844825
2019,Colusa,6.608104395604395,2.0,18803.0,28.0,21745.0,-0.2547415120479434
2019,Contra Costa,7.175215782983971,2.0,857731.0,23018.0,1161077.0,-0.034103916601103
2019,Del Norte,4.93495145631068,2.0,19000.0,76.0,27567.0,-0.2536140513247376
2019,El Dorado,2.7480225988700564,2.0,163945.0,2391.0,186714.0,-0.222794403142664
2019,Fresno,8.506364657431673,7.0,657283.0,5015.0,1000679.0,-0.0651658274703512
2019,Glenn,6.56123595505618,1.0,24410.0,53.0,27959.0,-0.2535381384763184
2019,Humboldt,6.78785046728972,1.0,107404.0,1367.0,137059.0,-0.2324103533678072
2019,Imperial,9.570178926441352,3.0,157228.0,234.0,181025.0,-0.2238961077208704
2019,Inyo,4.52597609561753,2.0,18515.0,53.0,18938.0,-0.2552851022660881
2019,Kern,8.333493282149712,7.0,577670.0,2787.0,898617.0,-0.0849306671013766
2019,Kings,12.1344099378882,2.0,90430.0,367.0,151918.0,-0.2295328303712227
2019,Lake,3.1416666666666666,1.0,61883.0,355.0,67902.0,-0.2458029678018063
2019,Los Angeles,10.186762911752744,13.0,6827293.0,141521.0,10067476.0,1.690666790664333
2019,Madera,9.612885154061626,1.0,106033.0,480.0,155604.0,-0.2288190172098114
2019,Marin,5.9846827133479215,2.0,200569.0,8498.0,263645.0,-0.2078963129851674
2019,Mariposa,7.834888059701493,2.0,18598.0,69.0,17242.0,-0.2556135415286366
2019,Mendocino,5.652314165497896,2.0,82115.0,847.0,91733.0,-0.2411879701215045
2019,Merced,9.274112734864302,2.0,186554.0,784.0,277693.0,-0.2051758443765114
2019,Mono,5.313619167717528,3.0,11928.0,41.0,13305.0,-0.2563759621516632
2019,Monterey,4.500177619893428,3.0,320258.0,2880.0,439477.0,-0.1738455273646381
2019,Napa,5.923098591549295,1.0,112200.0,2009.0,138982.0,-0.2320379543690568
2019,Nevada,5.821673003802281,2.0,90006.0,886.0,101719.0,-0.2392541290390701
2019,Orange,8.95356738391846,2.0,2352220.0,68931.0,3192408.0,0.3592739463893384
2019,Placer,5.467952522255193,5.0,322815.0,5216.0,399659.0,-0.1815564911359553
2019,Plumas,9.27754716981132,2.0,20747.0,34.0,19655.0,-0.2551462514693622
2019,Riverside,8.275771208226221,12.0,1686102.0,19213.0,2394094.0,0.2046762686522531
2019,Sacramento,7.100140581068416,5.0,1076888.0,13923.0,1562887.0,0.0437086895808482
2019,San Benito,4.530257510729614,2.0,50944.0,602.0,62734.0,-0.2468037780074964
2019,San Bernardino,9.582995796713794,9.0,1510228.0,14651.0,2169538.0,0.1611898258215763
2019,San Diego,9.818062200956938,9.0,2453257.0,44168.0,3302865.0,0.3806645216389335
2019,San Francisco,7.667409470752089,1.0,407385.0,13771.0,872219.0,-0.090042777745689
2019,San Joaquin,8.258990053557765,3.0,532035.0,4822.0,767324.0,-0.1103562426307236
2019,San Luis Obispo,5.646018322762509,4.0,222583.0,3316.0,282935.0,-0.20416070368413
2019,San Mateo,6.986046511627906,1.0,645794.0,22710.0,765726.0,-0.1106657036811673
2019,Santa Barbara,5.14604743083004,5.0,322735.0,4201.0,447907.0,-0.1722130138131739
2019,Santa Clara,7.481999999999999,3.0,1390964.0,71344.0,1936821.0,0.1161229626951106
2019,Santa Cruz,5.620086083213773,2.0,206461.0,4887.0,272618.0,-0.2061586446462245
2019,Shasta,3.748630136986301,2.0,142345.0,578.0,181573.0,-0.2237899846572639
2019,Siskiyou,5.055021834061135,2.0,42039.0,83.0,44273.0,-0.2503788471265452
2019,Solano,8.714944134078213,1.0,338919.0,4512.0,450545.0,-0.1717021513281487
2019,Sonoma,5.678134110787172,1.0,401497.0,9131.0,494708.0,-0.1631497556017767
2019,Stanislaus,9.140100250626569,2.0,393560.0,2153.0,550947.0,-0.1522587793715516
2019,Sutter,8.266384180790961,1.0,73793.0,284.0,101531.0,-0.2392905362214752
2019,Tehama,5.429461756373938,1.0,49076.0,109.0,65030.0,-0.2463591456096124
2019,Trinity,4.913623188405797,2.0,11991.0,33.0,15898.0,-0.2558738141517881
2019,Tulare,11.19097435897436,3.0,311412.0,1166.0,469228.0,-0.1680840907490257
2019,Ventura,6.647247058823529,5.0,661074.0,11468.0,847064.0,-0.0949141749446312
2019,Yolo,6.849135802469136,2.0,142968.0,2629.0,215874.0,-0.217147416765357
2020,Alameda,10.967345993515517,6.0,1081947.0,46249.0,1681337.0,0.0666471510483381
2020,Butte,13.476045627376426,3.0,150600.0,982.0,216090.0,-0.2171055872366362
2020,Calaveras,12.741040462427744,1.0,50925.0,276.0,45290.0,-0.2501818997621515
2020,Colusa,15.74522417153996,2.0,19002.0,46.0,21811.0,-0.2547287308030565
2020,Contra Costa,11.085572139303482,2.0,844872.0,26161.0,1164844.0,-0.0333744173664214
2020,Del Norte,9.06054054054054,2.0,19235.0,92.0,27702.0,-0.2535879078692871
2020,El Dorado,6.105405405405405,2.0,163473.0,2804.0,190202.0,-0.2221189337159134
2020,Fresno,16.78794460182562,8.0,669380.0,5481.0,1006557.0,-0.0640275220545141
2020,Glenn,15.19217391304348,1.0,24519.0,65.0,28800.0,-0.2533752744316231
2020,Humboldt,8.754716981132075,1.0,107979.0,1475.0,136547.0,-0.2325095048432935
2020,Imperial,10.892923076923076,3.0,163755.0,288.0,180036.0,-0.2240876327389485
2020,Inyo,16.88470889315419,3.0,18481.0,79.0,18995.0,-0.2552740639182312
2020,Kern,13.760240384615384,8.0,586385.0,3224.0,907416.0,-0.083226694771681
2020,Kings,19.658773006134968,2.0,92193.0,380.0,152249.0,-0.2294687304915626
2020,Lake,9.568852459016394,1.0,62729.0,376.0,68144.0,-0.245756103237221
2020,Los Angeles,13.495547690014904,14.0,6635509.0,156698.0,10029036.0,1.6832226837938362
2020,Madera,17.067848101265824,1.0,108140.0,574.0,155967.0,-0.2287487203629334
2020,Marin,7.9527196652719665,2.0,195061.0,9709.0,262802.0,-0.2080595643403138
2020,Mariposa,15.546706586826348,2.0,18196.0,81.0,17156.0,-0.2556301958780347
2020,Mendocino,11.400137174211247,2.0,82479.0,925.0,91639.0,-0.241206173712707
2020,Merced,15.05126050420168,2.0,191277.0,968.0,280290.0,-0.2046729217557341
2020,Mono,29.214356435643563,3.0,11792.0,67.0,13205.0,-0.2563953276742192
2020,Monterey,7.848634361233481,3.0,320016.0,3434.0,439590.0,-0.1738236443241499
2020,Napa,10.332758620689656,1.0,109910.0,2368.0,138304.0,-0.2321692526119859
2020,Nevada,11.403918722786647,2.0,89113.0,1115.0,102259.0,-0.2391495552172681
2020,Orange,11.57076023391813,2.0,2303310.0,78256.0,3188326.0,0.3584834457586057
2020,Placer,11.940614886731392,5.0,321560.0,6405.0,403822.0,-0.1807503044319522
2020,Plumas,18.159222497932177,3.0,20630.0,52.0,19780.0,-0.2551220445661672
2020,Riverside,10.204454865181711,12.0,1704293.0,23091.0,2412908.0,0.2083196980659243
2020,Sacramento,13.223027842227378,5.0,1076112.0,16072.0,1580826.0,0.0471826706721551
2020,San Benito,8.339915074309978,2.0,51849.0,721.0,63931.0,-0.246571972702502
2020,San Bernardino,11.494044477949492,9.0,1523639.0,17465.0,2179505.0,0.163119987454725
2020,San Diego,12.603003412969285,9.0,2425831.0,51800.0,3297350.0,0.3795965130699744
2020,San Francisco,10.525956284153006,1.0,393475.0,16242.0,873444.0,-0.0898055500943789
2020,San Joaquin,13.68946608946609,3.0,540500.0,5946.0,776794.0,-0.1085223276446778
2020,San Luis Obispo,9.104561403508772,4.0,220063.0,3965.0,282484.0,-0.2042480421908572
2020,San Mateo,9.835410764872522,1.0,582705.0,25046.0,765009.0,-0.1108045544778932
2020,Santa Barbara,7.6068608414239485,5.0,320797.0,5121.0,448408.0,-0.1721159925451687
2020,Santa Clara,11.32234219269103,3.0,1336130.0,74125.0,1936352.0,0.1160321383943233
2020,Santa Cruz,9.641036414565828,2.0,202034.0,5438.0,271259.0,-0.2064218220977595
2020,Shasta,7.105882352941176,2.0,142748.0,734.0,181926.0,-0.2237216243626415
2020,Siskiyou,10.443822843822844,2.0,41788.0,98.0,44111.0,-0.2504102192730858
2020,Solano,12.11615598885794,1.0,338325.0,5151.0,452957.0,-0.1712350549240998
2020,Sonoma,8.269637883008357,1.0,397692.0,9877.0,490008.0,-0.1640599351619051
2020,Stanislaus,14.874571805006587,2.0,399746.0,2610.0,552488.0,-0.1519603566689648
2020,Sutter,14.891441441441442,1.0,73601.0,364.0,100058.0,-0.239575790368724
2020,Tehama,13.332857142857144,1.0,48969.0,143.0,65674.0,-0.2462344316443523
2020,Trinity,10.986577181208052,2.0,11943.0,47.0,16070.0,-0.255840505452992
2020,Tulare,18.099693251533743,4.0,318816.0,1393.0,472371.0,-0.1674754323750931
2020,Ventura,7.358790955237656,5.0,655209.0,13166.0,844339.0,-0.0954418854342801
2020,Yolo,13.266004962779157,2.0,140577.0,2979.0,216306.0,-0.2170637577079154
2020,Alameda,10.967345993515517,6.0,1081947.0,46249.0,1681337.0,0.0666471510483381
2020,Butte,13.476045627376426,3.0,150600.0,982.0,216090.0,-0.2171055872366362
2020,Calaveras,12.741040462427744,1.0,50925.0,276.0,45290.0,-0.2501818997621515
2020,Colusa,15.74522417153996,2.0,19002.0,46.0,21811.0,-0.2547287308030565
2020,Contra Costa,11.085572139303482,2.0,844872.0,26161.0,1164844.0,-0.0333744173664214
2020,Del Norte,9.06054054054054,2.0,19235.0,92.0,27702.0,-0.2535879078692871
2020,El Dorado,6.105405405405405,2.0,163473.0,2804.0,190202.0,-0.2221189337159134
2020,Fresno,16.78794460182562,8.0,669380.0,5481.0,1006557.0,-0.0640275220545141
2020,Glenn,15.19217391304348,1.0,24519.0,65.0,28800.0,-0.2533752744316231
2020,Humboldt,8.754716981132075,1.0,107979.0,1475.0,136547.0,-0.2325095048432935
2020,Imperial,10.892923076923076,3.0,163755.0,288.0,180036.0,-0.2240876327389485
2020,Inyo,16.88470889315419,3.0,18481.0,79.0,18995.0,-0.2552740639182312
2020,Kern,13.760240384615384,8.0,586385.0,3224.0,907416.0,-0.083226694771681
2020,Kings,19.658773006134968,2.0,92193.0,380.0,152249.0,-0.2294687304915626
2020,Lake,9.568852459016394,1.0,62729.0,376.0,68144.0,-0.245756103237221
2020,Los Angeles,13.495547690014904,14.0,6635509.0,156698.0,10029036.0,1.6832226837938362
2020,Madera,17.067848101265824,1.0,108140.0,574.0,155967.0,-0.2287487203629334
2020,Marin,7.9527196652719665,2.0,195061.0,9709.0,262802.0,-0.2080595643403138
2020,Mariposa,15.546706586826348,2.0,18196.0,81.0,17156.0,-0.2556301958780347
2020,Mendocino,11.400137174211247,2.0,82479.0,925.0,91639.0,-0.241206173712707
2020,Merced,15.05126050420168,2.0,191277.0,968.0,280290.0,-0.2046729217557341
2020,Mono,29.214356435643563,3.0,11792.0,67.0,13205.0,-0.2563953276742192
2020,Monterey,7.848634361233481,3.0,320016.0,3434.0,439590.0,-0.1738236443241499
2020,Napa,10.332758620689656,1.0,109910.0,2368.0,138304.0,-0.2321692526119859
2020,Nevada,11.403918722786647,2.0,89113.0,1115.0,102259.0,-0.2391495552172681
2020,Orange,11.57076023391813,2.0,2303310.0,78256.0,3188326.0,0.3584834457586057
2020,Placer,11.940614886731392,5.0,321560.0,6405.0,403822.0,-0.1807503044319522
2020,Plumas,18.159222497932177,3.0,20630.0,52.0,19780.0,-0.2551220445661672
2020,Riverside,10.204454865181711,12.0,1704293.0,23091.0,2412908.0,0.2083196980659243
2020,Sacramento,13.223027842227378,5.0,1076112.0,16072.0,1580826.0,0.0471826706721551
2020,San Benito,8.339915074309978,2.0,51849.0,721.0,63931.0,-0.246571972702502
2020,San Bernardino,11.494044477949492,9.0,1523639.0,17465.0,2179505.0,0.163119987454725
2020,San Diego,12.603003412969285,9.0,2425831.0,51800.0,3297350.0,0.3795965130699744
2020,San Francisco,10.525956284153006,1.0,393475.0,16242.0,873444.0,-0.0898055500943789
2020,San Joaquin,13.68946608946609,3.0,540500.0,5946.0,776794.0,-0.1085223276446778
2020,San Luis Obispo,9.104561403508772,4.0,220063.0,3965.0,282484.0,-0.2042480421908572
2020,San Mateo,9.835410764872522,1.0,582705.0,25046.0,765009.0,-0.1108045544778932
2020,Santa Barbara,7.6068608414239485,5.0,320797.0,5121.0,448408.0,-0.1721159925451687
2020,Santa Clara,11.32234219269103,3.0,1336130.0,74125.0,1936352.0,0.1160321383943233
2020,Santa Cruz,9.641036414565828,2.0,202034.0,5438.0,271259.0,-0.2064218220977595
2020,Shasta,7.105882352941176,2.0,142748.0,734.0,181926.0,-0.2237216243626415
2020,Siskiyou,10.443822843822844,2.0,41788.0,98.0,44111.0,-0.2504102192730858
2020,Solano,12.11615598885794,1.0,338325.0,5151.0,452957.0,-0.1712350549240998
2020,Sonoma,8.269637883008357,1.0,397692.0,9877.0,490008.0,-0.1640599351619051
2020,Stanislaus,14.874571805006587,2.0,399746.0,2610.0,552488.0,-0.1519603566689648
2020,Sutter,14.891441441441442,1.0,73601.0,364.0,100058.0,-0.239575790368724
2020,Tehama,13.332857142857144,1.0,48969.0,143.0,65674.0,-0.2462344316443523
2020,Trinity,10.986577181208052,2.0,11943.0,47.0,16070.0,-0.255840505452992
2020,Tulare,18.099693251533743,4.0,318816.0,1393.0,472371.0,-0.1674754323750931
2020,Ventura,7.358790955237656,5.0,655209.0,13166.0,844339.0,-0.0954418854342801
2020,Yolo,13.266004962779157,2.0,140577.0,2979.0,216306.0,-0.2170637577079154
2022,Alameda,8.198047964305633,5.0,1057501.0,72557.0,1643683.0,0.0593552571851312
2022,Butte,6.188046387154326,3.0,151828.0,1732.0,206184.0,-0.2190239359010259
2022,Calaveras,6.03774647887324,1.0,51920.0,515.0,45021.0,-0.2502339930178269
2022,Colusa,7.607730673316707,2.0,19767.0,106.0,21722.0,-0.2547459661181313
2022,Contra Costa,8.250305997552019,2.0,835523.0,44133.0,1149841.0,-0.0362798267154864
2022,Del Norte,4.969650655021834,2.0,20045.0,128.0,26982.0,-0.2537273396316897
2022,El Dorado,4.067105263157894,2.0,162883.0,4869.0,189294.0,-0.2222947726607212
2022,Fresno,10.188663527707352,8.0,688871.0,10390.0,1010177.0,-0.0633264901379897
2022,Glenn,5.339316239316239,1.0,24773.0,130.0,28777.0,-0.2533797285018109
2022,Humboldt,6.757758620689655,1.0,106882.0,2126.0,134167.0,-0.2329704042801244
2022,Imperial,9.551076923076923,4.0,166477.0,770.0,180394.0,-0.2240183041681983
2022,Inyo,5.569742623979912,5.0,19560.0,176.0,18916.0,-0.2552893626810504
2022,Kern,9.882254607801114,7.0,602843.0,6880.0,908186.0,-0.0830775802480004
2022,Kings,14.40235783633842,2.0,95204.0,886.0,151654.0,-0.2295839553507703
2022,Lake,4.257377049180327,1.0,63526.0,600.0,67597.0,-0.2458620326456019
2022,Los Angeles,10.971637080867849,15.0,6650471.0,282343.0,9861493.0,1.6507771063379677
2022,Madera,10.386388888888888,1.0,113641.0,1241.0,157040.0,-0.2285409283059083
2022,Marin,6.54453781512605,2.0,191793.0,15449.0,255459.0,-0.2094815746615952
2022,Mariposa,9.468815331010454,2.0,17290.0,147.0,16988.0,-0.2556627299559286
2022,Mendocino,10.138373751783169,2.0,81800.0,1346.0,90227.0,-0.2414796148911967
2022,Merced,10.06133518776078,2.0,200238.0,2086.0,284038.0,-0.2039471019703382
2022,Mono,4.429237288135593,3.0,11671.0,144.0,12987.0,-0.256437544513391
2022,Monterey,4.752278820375335,3.0,319103.0,6379.0,436033.0,-0.1745124759614641
2022,Nevada,7.594822888283379,2.0,84769.0,1946.0,101080.0,-0.2393778747282024
2022,Orange,9.24693181818182,2.0,2299018.0,134291.0,3158071.0,0.3526244069093114
2022,Placer,7.277508455467869,5.0,328962.0,12350.0,407539.0,-0.1800304879585486
2022,Plumas,11.23548387096774,3.0,18889.0,117.0,19254.0,-0.2552239072148114
2022,Riverside,9.126720914888937,11.0,1765291.0,47681.0,2427832.0,0.2112098086521701
2022,Sacramento,8.247535211267605,5.0,1107136.0,32416.0,1572254.0,0.0455226580786614
2022,San Benito,4.708158995815899,2.0,53803.0,1485.0,65642.0,-0.2462406286115702
2022,San Bernardino,9.4190423572744,9.0,1568171.0,36094.0,2179845.0,0.1631858302314152
2022,San Diego,8.297672901261418,10.0,2446883.0,95024.0,3278730.0,0.3759906527700617
2022,San Francisco,6.779224376731302,1.0,386911.0,28011.0,840575.0,-0.096170803703285
2022,San Joaquin,7.90246062992126,3.0,556150.0,12961.0,782163.0,-0.1074825927386503
2022,San Luis Obispo,7.103153468815698,4.0,222920.0,6929.0,279439.0,-0.204837722352685
2022,San Mateo,6.7957865168539335,1.0,567346.0,43165.0,742051.0,-0.1152504911462819
2022,Santa Barbara,6.063512429831595,5.0,325288.0,8983.0,443074.0,-0.1731489495183016
2022,Santa Clara,8.7770921386306,3.0,1289536.0,108243.0,1895752.0,0.1081697362366189
2022,Santa Cruz,5.2275035260930895,2.0,215275.0,8169.0,264495.0,-0.2077317060434421
2022,Shasta,5.666984126984127,2.0,132514.0,1516.0,180206.0,-0.2240547113506034
2022,Siskiyou,7.597169811320755,2.0,44395.0,241.0,43571.0,-0.2505147930948878
2022,Solano,7.895,1.0,339309.0,9315.0,447027.0,-0.172383430411666
2022,Sonoma,6.376149425287356,1.0,397389.0,15055.0,479654.0,-0.1660650413673453
2022,Stanislaus,12.124429530201343,2.0,403896.0,5345.0,548215.0,-0.1527878454477794
2022,Sutter,10.035252808988764,1.0,74337.0,885.0,99153.0,-0.2397510483478551
2022,Tehama,5.871181556195966,1.0,56998.0,288.0,64942.0,-0.2463761872694616
2022,Trinity,10.727611940298509,2.0,11910.0,63.0,15971.0,-0.2558596773203224
2022,Tulare,10.411529026982828,4.0,330357.0,2826.0,474624.0,-0.1670391271519081
2022,Ventura,6.845492565055762,5.0,658712.0,23713.0,831531.0,-0.0979222215632426
2022,Yolo,5.437007874015748,2.0,149982.0,5077.0,220176.0,-0.2163143119850012
2023,Alameda,7.006504065040651,6.0,1028698.0,97131.0,1650656.0,0.0607056150729556
2023,Butte,7.604020979020979,4.0,151420.0,2370.0,206579.0,-0.21894744208693
2023,Calaveras,5.571988795518207,1.0,52304.0,703.0,44899.0,-0.2502576189553451
2023,Colusa,9.795166666666669,2.0,19582.0,130.0,21831.0,-0.2547248576985453
2023,Contra Costa,7.779856972586413,2.0,825102.0,58560.0,1145274.0,-0.0371642501306154
2023,Del Norte,6.817102137767221,2.0,19733.0,181.0,26586.0,-0.2538040271010112
2023,El Dorado,3.571493212669683,2.0,162480.0,6272.0,188067.0,-0.2225323876224823
2023,Fresno,9.032341197822142,8.0,683686.0,14199.0,1010914.0,-0.0631837662367526
2023,Glenn,6.650704225352112,1.0,24710.0,181.0,28330.0,-0.2534662923876359
2023,Humboldt,11.66902985074627,2.0,105041.0,2513.0,134597.0,-0.232887132533134
2023,Imperial,8.818009478672986,3.0,170519.0,1197.0,179623.0,-0.2241676123471044
2023,Inyo,5.505853139411139,5.0,19463.0,238.0,18890.0,-0.255294397716915
2023,Kern,8.62648556876061,8.0,597507.0,9647.0,906165.0,-0.0834689574588556
2023,Kings,11.248678720445064,2.0,95631.0,1179.0,151629.0,-0.2295887967314093
2023,Lake,4.123333333333333,1.0,63373.0,760.0,66698.0,-0.2460361286933796
2023,Los Angeles,10.078864809081526,12.0,6514305.0,392463.0,9819312.0,1.642608535268654
2023,Madera,9.941274238227148,1.0,114621.0,1739.0,157909.0,-0.2283726419148974
2023,Marin,5.2494623655913975,2.0,188135.0,19221.0,253972.0,-0.2097695399820018
2023,Mariposa,8.11242829827916,2.0,18482.0,197.0,16968.0,-0.2556666030604398
2023,Mendocino,9.396465390279824,2.0,80638.0,1638.0,89556.0,-0.2416095575475469
2023,Merced,9.015555555555554,2.0,199940.0,2880.0,285193.0,-0.2037234301848172
2023,Mono,3.848133848133848,3.0,11831.0,198.0,13193.0,-0.2563976515369259
2023,Monterey,5.473656387665199,3.0,326269.0,8505.0,433953.0,-0.1749152788306273
2023,Nevada,5.914975369458128,2.0,87433.0,2473.0,100474.0,-0.2394952297948913
2023,Orange,9.761009817671807,1.0,2260910.0,180716.0,3141065.0,0.3493311061434513
2023,Placer,6.043023902167871,5.0,329303.0,16898.0,410085.0,-0.1795374417542748
2023,Plumas,9.054933333333333,3.0,20171.0,145.0,18993.0,-0.2552744512286823
2023,Riverside,9.281384425216316,10.0,1758805.0,67446.0,2428580.0,0.2113546627608884
2023,Sacramento,7.580611839491459,5.0,1100057.0,45098.0,1576639.0,0.0463718362427386
2023,San Benito,4.079661016949152,2.0,54840.0,1935.0,65165.0,-0.2463330021541619
2023,San Bernardino,9.079166666666666,9.0,1554788.0,51206.0,2172694.0,0.1618010017134412
2023,San Diego,7.922988047808765,11.0,2419003.0,132113.0,3290423.0,0.3782550633225257
2023,San Francisco,6.330967741935484,1.0,371509.0,37412.0,842224.0,-0.0958514662363378
2023,San Joaquin,7.664688995215311,3.0,553941.0,19225.0,783903.0,-0.1071456326461773
2023,San Luis Obispo,4.824118866620594,4.0,222023.0,9139.0,279818.0,-0.2047643270221981
2023,San Mateo,8.12094395280236,1.0,543506.0,57455.0,745302.0,-0.1146209180079888
2023,Santa Barbara,5.595822281167108,6.0,323007.0,11894.0,442342.0,-0.173290705143411
2023,Santa Clara,6.730952380952381,3.0,1288696.0,141417.0,1902799.0,0.1095344246111347
2023,Santa Cruz,5.300281690140845,2.0,199421.0,10109.0,263338.0,-0.2079557651394141
2023,Shasta,7.522774327122153,2.0,140884.0,2001.0,179122.0,-0.2242646336151096
2023,Siskiyou,9.919581280788178,2.0,41772.0,305.0,43479.0,-0.2505326093756392
2023,Solano,6.162261380323054,1.0,336055.0,12809.0,445506.0,-0.1726779800097416
2023,Sonoma,5.024929971988795,1.0,396054.0,19064.0,479445.0,-0.1661055153094871
2023,Stanislaus,10.276645161290322,2.0,400864.0,7519.0,545753.0,-0.1532646246131062
2023,Sutter,8.442737430167599,1.0,73888.0,1147.0,98248.0,-0.2399263063269862
2023,Tehama,6.108611111111111,1.0,48496.0,398.0,64710.0,-0.2464211152817914
2023,Trinity,7.896192893401015,2.0,11867.0,88.0,15944.0,-0.2558649060114125
2023,Tulare,10.56773136773137,4.0,331744.0,3837.0,474680.0,-0.1670282824592768
2023,Ventura,5.8706430568499535,5.0,651851.0,31980.0,825960.0,-0.099001074824833
2023,Yolo,7.216270337922404,2.0,152560.0,6757.0,220454.0,-0.2162604758322958
2024,Alameda,6.588506787330317,7.0,,,1641869.0,0.0590039666059667
2024,Butte,5.622692307692308,3.0,,,205928.0,-0.2190735116387691
2024,Calaveras,5.16774193548387,1.0,,,44842.0,-0.250268657303202
2024,Colusa,7.6216783216783215,2.0,,,21743.0,-0.2547418993583945
2024,Contra Costa,7.418815331010452,2.0,,,1146626.0,-0.0369024282656593
2024,Del Norte,6.814782608695652,1.0,,,26345.0,-0.2538506980103709
2024,Fresno,8.381307901907357,7.0,,,1017431.0,-0.0619217151317831
2024,Glenn,4.747674418604651,1.0,,,28736.0,-0.2533876683660588
2024,Humboldt,5.647008547008547,2.0,,,133100.0,-0.2331770344057961
2024,Imperial,8.182835820895523,3.0,,,182881.0,-0.2235366836222325
2024,Inyo,6.1029687500000005,5.0,,,18856.0,-0.255300981994584
2024,Kern,7.5191941391941395,6.0,,,910300.0,-0.0826681931011682
2024,Kings,9.024,2.0,,,152627.0,-0.2293955288163012
2024,Lake,2.8870967741935485,1.0,,,67001.0,-0.2459774511600352
2024,Los Angeles,9.69324376199616,11.0,,,9824091.0,1.6435340135916017
2024,Madera,7.580237154150198,1.0,,,159328.0,-0.2280978451498288
2024,Marin,4.782258064516129,1.0,,,252844.0,-0.2099879830764326
2024,Mariposa,5.980321285140562,1.0,,,16966.0,-0.2556669903708909
2024,Merced,6.33542600896861,3.0,,,287303.0,-0.2033148176588873
2024,Mono,3.296864111498258,2.0,,,12861.0,-0.2564619450718115
2024,Monterey,5.387375,3.0,,,437614.0,-0.174206307049855
2024,Nevada,4.425048923679061,2.0,,,100177.0,-0.2395527453968824
2024,Orange,9.291812865497077,1.0,,,3150835.0,0.3512231176971649
2024,Placer,5.076841085271318,5.0,,,412844.0,-0.1790031469869569
2024,Plumas,8.80126582278481,3.0,,,18841.0,-0.2553038868229674
2024,Riverside,9.060708702449192,10.0,,,2442378.0,0.2140267175631546
2024,Sacramento,5.6552681388012624,5.0,,,1578938.0,0.0468170496062993
2024,San Benito,7.008171206225681,1.0,,,65853.0,-0.2461997673589772
2024,San Bernardino,9.784055354993985,6.0,,,2181433.0,0.1634933547296032
2024,San Diego,8.361317704122879,11.0,,,3291101.0,0.3783863615654548
2024,San Francisco,5.970183486238532,1.0,,,843071.0,-0.0956874402602892
2024,San Joaquin,6.651174934725849,3.0,,,791408.0,-0.1056922501783553
2024,San Luis Obispo,4.523084780388151,4.0,,,278469.0,-0.2050255679214775
2024,San Mateo,5.921702127659574,1.0,,,741565.0,-0.1153446075859036
2024,Santa Barbara,5.325235849056604,5.0,,,443623.0,-0.1730426327994696
2024,Santa Clara,6.5312893081761,3.0,,,1903198.0,0.1096116930461329
2024,Santa Cruz,5.837223340040241,2.0,,,262572.0,-0.2081041050421924
2024,Shasta,5.310084033613445,1.0,,,179195.0,-0.2242504967836437
2024,Siskiyou,5.492635658914728,1.0,,,43409.0,-0.2505461652414284
2024,Solano,4.890243902439025,1.0,,,446426.0,-0.1724998172022271
2024,Sonoma,3.103012048192771,1.0,,,478152.0,-0.1663559115161352
2024,Stanislaus,7.842155009451796,2.0,,,548744.0,-0.1526854018334585
2024,Sutter,6.743130990415335,1.0,,,100110.0,-0.2395657202969949
2024,Tehama,3.965116279069768,1.0,,,64308.0,-0.2464989646824662
2024,Trinity,5.718965517241379,1.0,,,15915.0,-0.2558705220129537
2024,Tulare,9.256527249683142,3.0,,,478918.0,-0.1662075716133568
2024,Ventura,6.063194444444444,5.0,,,823863.0,-0.0994071698328307
2024,Yolo,5.253194650817236,2.0,,,221666.0,-0.216025765698918
