Data Year,County,Population,Population Z Score,Adult Population,Average PM 2.5/County,Number of Site IDs/County,County Latitude,County Longitude,Number of Gas Cars,Number of EV
2010,Alameda,1510271,0.5850201091946186,1170460.0,7.683516483516484,5,37.74,-122.11,885402.0,20.0
2010,Butte,220000,-0.3118103757092952,174460.0,11.672413793103448,3,39.53,-121.68,133169.0,0.0
2010,Contra Costa,1049025,0.26442120102727185,788867.0,8.385714285714286,1,37.94,-122.03,666294.0,10.0
2010,El Dorado,181058,-0.3388778466073687,139777.0,2.3000000000000003,1,38.98,-120.1,129980.0,0.0
2010,Fresno,930450,0.18200310843472225,652245.0,12.870930232558141,6,36.66,-119.89,481145.0,2.0
2010,Humboldt,134623,-0.37115348759016475,107295.0,5.377777777777777,2,40.79,-124.17,90949.0,2.0
2010,Imperial,174528,-0.3434166629230284,123566.0,11.045833333333334,3,32.78,-115.51,105807.0,0.0
2010,Kern,839631,0.11887741793366587,585223.0,11.584090909090909,6,35.25,-118.95,434405.0,1.0
2010,Kings,152982,-0.35839267155047155,110453.0,18.5,2,36.16,-119.59,69017.0,0.0
2010,Lake,64665,-0.4197792933805049,51409.0,2.433333333333333,1,39.03,-122.92,48130.0,1.0
2010,Los Angeles,9818605,6.35990554796188,7422865.0,11.98611111111111,13,34.06,-118.24,5533082.0,372.0
2010,Madera,150865,-0.35986413772815173,108623.0,24.616666666666664,1,36.95,-120.03,78679.0,0.0
2010,Marin,252409,-0.2892838063411152,200160.0,10.659090909090908,2,38.01,-122.61,174309.0,15.0
2010,Mendocino,87841,-0.40367031835267503,68077.0,7.088888888888889,2,39.26,-123.27,66420.0,0.0
2010,Merced,255793,-0.286931684685343,174962.0,12.294117647058824,2,37.29,-120.44,132962.0,0.0
2010,Monterey,415057,-0.1762318314392134,304237.0,7.252380952380953,1,36.69,-121.62,241846.0,1.0
2010,Napa,136484,-0.3698599596937723,104956.0,8.333333333333334,1,38.31,-122.3,90481.0,4.0
2010,Nevada,98764,-0.3960780533272614,79505.0,4.554545454545455,2,39.32,-120.26,74032.0,0.0
2010,Orange,3010232,1.6276001183298772,2272725.0,13.376744186046512,2,33.81,-117.91,1866285.0,40.0
2010,Placer,348432,-0.22254096421575664,263415.0,10.757142857142858,1,38.75,-121.26,241078.0,5.0
2010,Riverside,2189641,1.0572307738760474,1569973.0,13.415882352941175,9,33.86,-117.23,1203395.0,4.0
2010,Sacramento,1418788,0.5214328912764721,1055578.0,8.214516129032258,3,38.59,-121.43,807914.0,6.0
2010,San Bernardino,2035210,0.949890200760635,1440929.0,10.497260273972602,9,34.17,-117.26,1123942.0,4.0
2010,San Diego,3095313,1.6867374890730078,2371010.0,10.673958333333333,8,33.02,-117.07,1920251.0,29.0
2010,San Francisco,805235,0.09496974167127213,697334.0,9.899999999999999,1,37.77,-122.4,355409.0,24.0
2010,San Joaquin,685306,0.011610522387849135,484511.0,8.2875,3,37.85,-121.33,377744.0,1.0
2010,San Luis Obispo,269637,-0.27730911606757996,218945.0,6.6,3,35.16,-120.6,178545.0,1.0
2010,San Mateo,718451,0.034648664314731334,559673.0,8.895,1,37.48,-122.2,500508.0,50.0
2010,Santa Barbara,423895,-0.170088790306319,325975.0,6.507407407407407,3,34.69,-120.03,251651.0,11.0
2010,Santa Clara,1781642,0.7736423331451375,1352266.0,10.017391304347827,3,37.19,-121.76,1132294.0,93.0
2010,Santa Cruz,262382,-0.2823518591564178,207019.0,7.376470588235295,1,36.98,-121.99,167294.0,6.0
2010,Shasta,177223,-0.3415434454696283,137702.0,2.853333333333333,4,40.57,-121.96,120137.0,0.0
2010,Solano,413344,-0.17742248876673639,312075.0,8.515,1,38.1,-122.24,256503.0,0.0
2010,Sonoma,483878,-0.1283963218434988,377425.0,6.738888888888889,1,38.44,-122.71,321825.0,8.0
2010,Stanislaus,514453,-0.10714451344360672,367834.0,10.18235294117647,2,37.6,-120.95,288895.0,1.0
2010,Sutter,94737,-0.39887710590048675,68779.0,7.402941176470589,1,39.14,-121.62,56545.0,0.0
2010,Tulare,442179,-0.15738010462247184,298029.0,12.410416666666668,3,36.28,-119.13,227826.0,1.0
2010,Ventura,823318,0.10753871800145197,611725.0,8.803846153846154,4,34.28,-118.84,532296.0,42.0
2010,Yolo,200849,-0.3251216883067223,155256.0,7.05,2,38.55,-121.77,109452.0,1.0
2011,Alameda,1527169,0.5967654259024314,1186610.0,9.26984126984127,3,37.75,-122.08,880124.0,362.0
2011,Butte,221377,-0.31085326237596234,175552.0,11.28048780487805,3,39.61,-121.67,132458.0,8.0
2011,Contra Costa,1061578,0.2731464324530722,802553.0,8.321428571428571,1,37.94,-122.03,666604.0,158.0
2011,El Dorado,180887,-0.3389967038186976,140730.0,1.3166666666666667,1,38.98,-120.1,128988.0,21.0
2011,Fresno,938507,0.18760329879540683,661647.0,15.878494623655914,6,36.68,-119.89,481290.0,33.0
2011,Humboldt,135894,-0.37027005182642764,109395.0,8.476470588235294,3,40.75,-124.19,89843.0,9.0
2011,Imperial,175448,-0.3427771972246506,124919.0,9.254545454545454,3,32.78,-115.52,107635.0,1.0
2011,Kern,845269,0.12279623055046363,592534.0,14.755882352941176,5,35.19,-118.85,437509.0,26.0
2011,Kings,150073,-0.36041463428588566,108803.0,21.8625,2,36.22,-119.61,68507.0,3.0
2011,Lake,65318,-0.41932541174893895,51928.0,1.8333333333333333,1,39.03,-122.92,48088.0,3.0
2011,Los Angeles,9872846,6.39760691638113,7493490.0,13.616203703703704,14,34.08,-118.22,5518332.0,1461.0
2011,Madera,151054,-0.3597327692314198,109363.0,20.465217391304346,2,37.01,-119.96,78711.0,5.0
2011,Marin,254256,-0.2880000094444807,202134.0,8.85,2,38.02,-122.64,173842.0,104.0
2011,Mendocino,87787,-0.40370785220888417,68386.0,8.551428571428572,2,39.26,-123.27,66083.0,3.0
2011,Merced,259183,-0.28457539260110315,178059.0,12.77727272727273,2,37.29,-120.45,133298.0,3.0
2011,Monterey,416582,-0.1751718475370111,304938.0,5.675,1,36.69,-121.62,241465.0,27.0
2011,Napa,136839,-0.3696132093427678,105503.0,10.8,1,38.31,-122.3,90281.0,24.0
2011,Nevada,99035,-0.3958896889748045,80813.0,5.254545454545454,2,39.32,-120.26,73187.0,4.0
2011,Orange,3037811,1.6467694927815737,2305699.0,12.6,2,33.8,-117.9,1873732.0,446.0
2011,Placer,354618,-0.21824125246557735,269510.0,14.08095238095238,1,38.75,-121.26,240320.0,35.0
2011,Riverside,2213474,1.0737964108210885,1598128.0,13.970873786407767,11,33.85,-117.23,1211549.0,99.0
2011,Sacramento,1431665,0.5303833258395273,1070885.0,10.8328125,3,38.59,-121.42,804508.0,101.0
2011,San Bernardino,2055566,0.9640390744086548,1465619.0,12.3578125,9,34.15,-117.34,1122878.0,66.0
2011,San Diego,3124985,1.7073616479885139,2403113.0,11.262962962962964,6,32.97,-117.07,1915640.0,781.0
2011,San Francisco,815714,0.10225339499007734,706408.0,10.105555555555556,1,37.77,-122.4,353737.0,163.0
2011,San Joaquin,692465,0.01658653862120408,492343.0,10.651388888888889,3,37.83,-121.31,379369.0,20.0
2011,San Luis Obispo,270396,-0.27678155686641825,221184.0,8.714925373134328,4,35.18,-120.61,178630.0,35.0
2011,San Mateo,726265,0.04007995232247481,565760.0,10.40952380952381,1,37.48,-122.2,504776.0,339.0
2011,Santa Barbara,424822,-0.16944445910806225,328387.0,9.100000000000001,3,34.67,-120.02,250966.0,79.0
2011,Santa Clara,1805407,0.7901607052342114,1373915.0,10.351724137931035,3,37.23,-121.85,1133618.0,861.0
2011,Santa Cruz,265364,-0.2802791562079802,210168.0,7.033333333333333,1,36.98,-121.99,166606.0,50.0
2011,Shasta,178218,-0.3408518494154045,138832.0,3.8642857142857143,4,40.6,-122.05,118743.0,9.0
2011,Solano,414084,-0.17690813592238902,314704.0,10.539130434782608,1,38.1,-122.24,255749.0,24.0
2011,Sonoma,485975,-0.12693875709404423,381004.0,10.93888888888889,1,38.44,-122.71,320561.0,78.0
2011,Stanislaus,517840,-0.10479030657360068,371809.0,17.45609756097561,2,37.6,-120.96,288060.0,17.0
2011,Sutter,94535,-0.39901751032556537,68727.0,10.261764705882353,1,39.14,-121.62,56564.0,0.0
2011,Tulare,445415,-0.1551308535355691,301546.0,16.304166666666667,3,36.26,-119.13,227483.0,13.0
2011,Ventura,830196,0.11231941916823718,620156.0,8.504166666666666,3,34.25,-118.88,531086.0,155.0
2011,Yolo,202769,-0.3237871511970643,157957.0,10.59,2,38.54,-121.77,109944.0,33.0
2012,Alameda,1549193,0.6120736786644665,1206821.0,7.386440677966102,3,37.74,-122.03,884729.0,1168.0
2012,Butte,222623,-0.30998720339750724,176985.0,13.653571428571428,4,39.64,-121.7,132130.0,28.0
2012,Contra Costa,1075165,0.2825903677181363,816050.0,6.66875,1,37.94,-122.03,673659.0,632.0
2012,El Dorado,180121,-0.33952912851973827,141035.0,4.066666666666666,1,38.98,-120.1,128462.0,68.0
2012,Fresno,945656,0.19257236431464897,668579.0,12.057009345794391,7,36.69,-119.88,486872.0,76.0
2012,Humboldt,135888,-0.3702742222548953,109118.0,5.842307692307693,3,40.73,-124.19,89315.0,21.0
2012,Imperial,177599,-0.3412820986189869,126983.0,12.291304347826086,3,32.79,-115.52,109630.0,4.0
2012,Kern,853585,0.12857644440666977,598363.0,11.606542056074767,6,35.2,-118.81,445574.0,62.0
2012,Kings,151242,-0.35960209580609914,109650.0,13.989473684210527,1,36.32,-119.64,69583.0,3.0
2012,Lake,65573,-0.4191481685390625,52262.0,7.566666666666666,1,39.03,-122.92,48721.0,10.0
2012,Los Angeles,9937750,6.442719831258859,7582503.0,12.476050420168068,14,34.08,-118.25,5530860.0,4734.0
2012,Madera,151155,-0.3596625670188805,108076.0,10.209677419354838,2,37.13,-119.81,79537.0,14.0
2012,Marin,257096,-0.2860260066364449,204391.0,6.334782608695652,2,38.01,-122.6,173364.0,316.0
2012,Mendocino,88402,-0.40328038329094684,69042.0,6.2625,2,39.3,-123.29,66050.0,18.0
2012,Merced,261779,-0.2827709872174197,181151.0,9.981818181818182,2,37.29,-120.44,135154.0,16.0
2012,Monterey,422477,-0.1710744015675143,309676.0,5.7250000000000005,3,36.47,-121.5,243736.0,76.0
2012,Napa,138249,-0.3686331586528627,106866.0,10.3,1,38.31,-122.3,90674.0,81.0
2012,Nevada,98896,-0.3959863039009724,81095.0,5.816666666666666,2,39.3,-120.4,72991.0,19.0
2012,Orange,3073792,1.6717788572308465,2342230.0,10.886363636363637,2,33.8,-117.9,1881637.0,2175.0
2012,Placer,360512,-0.21414450156749185,275431.0,8.015384615384615,2,38.82,-121.2,243277.0,118.0
2012,Riverside,2239478,1.0918710478000186,1625861.0,11.811111111111112,11,33.85,-117.21,1228399.0,445.0
2012,Sacramento,1447519,0.5414029879939636,1087087.0,6.877586206896551,3,38.59,-121.44,811630.0,290.0
2012,San Bernardino,2072061,0.9755042773377216,1487740.0,10.65,9,34.18,-117.31,1132833.0,344.0
2012,San Diego,3155715,1.7287211924571544,2433056.0,10.775,9,33.02,-117.06,1931167.0,1967.0
2012,San Francisco,826354,0.10964895480609865,715623.0,9.200000000000001,1,37.77,-122.4,354656.0,507.0
2012,San Joaquin,699719,0.021628586638630643,498900.0,9.253030303030304,3,37.88,-121.29,382646.0,75.0
2012,San Luis Obispo,272951,-0.27500564941059735,221909.0,7.130985915492958,4,35.17,-120.61,179353.0,82.0
2012,San Mateo,735915,0.04678739144132873,575486.0,7.2368421052631575,1,37.48,-122.2,510352.0,816.0
2012,Santa Barbara,427960,-0.16726332501946498,331241.0,6.660975609756098,3,34.65,-120.0,252663.0,170.0
2012,Santa Clara,1833344,0.8095789152511463,1400675.0,7.451724137931034,3,37.21,-121.83,1140932.0,2511.0
2012,Santa Cruz,267492,-0.27880004424477595,212121.0,5.705555555555556,1,36.98,-121.99,167095.0,154.0
2012,Shasta,178865,-0.3404021382123062,139515.0,4.771428571428571,4,40.6,-122.05,117732.0,19.0
2012,Solano,418963,-0.17351688250675293,320507.0,7.414285714285714,1,38.1,-122.24,257811.0,107.0
2012,Sonoma,488601,-0.12511349956802242,384529.0,7.170588235294118,1,38.44,-122.71,323367.0,238.0
2012,Stanislaus,521723,-0.10209134428359967,375641.0,14.397560975609755,2,37.59,-120.94,290325.0,40.0
2012,Sutter,94718,-0.3988903122573011,69239.0,6.527777777777778,1,39.14,-121.62,56491.0,4.0
2012,Tulare,449884,-0.1520245793985579,305471.0,12.361702127659575,3,36.26,-119.14,230802.0,31.0
2012,Ventura,835510,0.11601302864778017,627468.0,9.764285714285714,5,34.3,-118.93,534659.0,491.0
2012,Yolo,204087,-0.322871047076997,160412.0,8.071428571428571,2,38.59,-121.76,109437.0,87.0
2013,Alameda,1575139,0.6301080015015426,1233334.0,8.589655172413792,3,37.75,-122.04,917322.0,3622.0
2013,Butte,224391,-0.30875831714236385,178840.0,11.0,3,39.69,-121.76,135830.0,69.0
2013,Contra Costa,1090305,0.2931137488849185,830812.0,9.630555555555555,2,37.95,-122.17,698252.0,1929.0
2013,El Dorado,179663,-0.3398474712261046,141215.0,3.08,1,38.98,-120.1,133050.0,212.0
2013,Fresno,953114,0.1977562068999767,675758.0,15.68073394495413,6,36.7,-119.85,503427.0,226.0
2013,Humboldt,135810,-0.37032843782497515,109463.0,7.838461538461539,3,40.74,-124.19,91760.0,54.0
2013,Imperial,177731,-0.3411903491926979,126722.0,8.049999999999999,3,32.78,-115.53,113063.0,15.0
2013,Kern,861948,0.13438932661920605,605949.0,14.193939393939395,6,35.2,-118.84,459264.0,189.0
2013,Kings,150004,-0.360462594213264,108453.0,21.645454545454545,2,36.26,-119.62,71228.0,11.0
2013,Lake,65928,-0.41890141818805804,52611.0,3.8666666666666667,1,39.03,-122.92,50061.0,24.0
2013,Los Angeles,9995638,6.482956125115048,7676650.0,11.652173913043478,12,34.09,-118.26,5690003.0,13869.0
2013,Madera,150652,-0.36001218793875445,108319.0,10.208571428571428,2,37.12,-119.81,82070.0,27.0
2013,Marin,258815,-0.2848311788804543,205499.0,10.42608695652174,2,38.0,-122.59,178103.0,946.0
2013,Mendocino,89320,-0.4026423077353916,70473.0,11.025,2,39.35,-123.32,67977.0,43.0
2013,Merced,263501,-0.28157407424719527,183397.0,17.013636363636365,2,37.29,-120.44,139433.0,39.0
2013,Monterey,425742,-0.16880499340968447,312495.0,6.6192982456140355,3,36.48,-121.53,251527.0,211.0
2013,Napa,138808,-0.3682446137339571,107993.0,10.88888888888889,1,38.31,-122.3,94323.0,210.0
2013,Nevada,99116,-0.3958333881904908,81176.0,7.145454545454545,2,39.3,-120.42,74537.0,52.0
2013,Orange,3105236,1.6936346826871411,2381716.0,13.03095238095238,2,33.81,-117.91,1945863.0,6114.0
2013,Placer,365195,-0.21088948214846667,280105.0,8.531578947368422,2,38.85,-121.18,251830.0,387.0
2013,Riverside,2260809,1.1066976160740367,1652651.0,12.533191489361704,11,33.86,-117.22,1276953.0,1299.0
2013,Sacramento,1461786,0.5513195718186982,1100725.0,12.804819277108432,4,38.6,-121.39,839193.0,1002.0
2013,San Bernardino,2085599,0.9849141541036329,1507888.0,9.007042253521126,8,34.15,-117.29,1167485.0,1003.0
2013,San Diego,3190323,1.7527762238587394,2469310.0,9.687421383647798,8,32.98,-117.0,2003012.0,4448.0
2013,San Francisco,839556,0.11882528757781985,727055.0,8.955555555555556,1,37.77,-122.4,368001.0,1313.0
2013,San Joaquin,705545,0.025678072680749085,506581.0,13.73235294117647,3,37.86,-121.3,395126.0,218.0
2013,San Luis Obispo,275482,-0.27324642366864715,225895.0,9.429166666666667,4,35.18,-120.62,185467.0,251.0
2013,San Mateo,745842,0.05368736534110727,583994.0,10.816666666666668,1,37.48,-122.2,529074.0,2441.0
2013,Santa Barbara,432485,-0.1641181268834221,334743.0,7.9925,3,34.64,-119.98,260928.0,414.0
2013,Santa Clara,1861489,0.8291417001216276,1425901.0,11.516923076923078,3,37.27,-121.88,1178520.0,7816.0
2013,Santa Cruz,269714,-0.2772555955689114,213344.0,10.993103448275862,2,37.01,-122.03,172542.0,546.0
2013,Shasta,180106,-0.33953955459090746,141023.0,4.7,4,40.6,-122.05,121390.0,52.0
2013,Solano,423373,-0.17045161758300725,324727.0,10.297435897435896,1,38.1,-122.24,267275.0,325.0
2013,Sonoma,492751,-0.1222289532112096,389766.0,7.111764705882353,1,38.44,-122.71,334893.0,756.0
2013,Stanislaus,525173,-0.09969334791468298,380225.0,17.29230769230769,2,37.57,-120.92,298876.0,108.0
2013,Sutter,94496,-0.3990446181106053,69455.0,8.3,1,39.14,-121.62,58343.0,10.0
2013,Tulare,453530,-0.1494903490330303,309307.0,16.378,3,36.23,-119.16,238536.0,62.0
2013,Ventura,841501,0.12017720147275983,634492.0,9.011956521739132,5,34.31,-118.91,548331.0,1139.0
2013,Yolo,206386,-0.32127307790246384,161187.0,5.915,2,38.55,-121.77,114271.0,259.0
2014,Alameda,1597747,0.6458221759677653,1255829.0,8.980263157894736,4,37.76,-122.12,945024.0,8304.0
2014,Butte,225737,-0.30782275102278067,179912.0,8.439506172839506,3,39.65,-121.75,138086.0,134.0
2014,Contra Costa,1104732,0.3031415441354579,846225.0,7.6194444444444445,2,37.95,-122.17,715671.0,4233.0
2014,El Dorado,180132,-0.3395214827342142,142484.0,3.1181818181818177,2,38.95,-120.04,135913.0,460.0
2014,Fresno,959645,0.20229571828704768,682308.0,12.737719298245613,6,36.72,-119.86,516116.0,740.0
2014,Humboldt,135895,-0.3702693567550163,109531.0,7.195652173913044,3,40.81,-124.06,93068.0,221.0
2014,Imperial,178471,-0.34067599634835055,127607.0,14.022388059701493,3,32.71,-115.5,117294.0,27.0
2014,Kern,867021,0.1379154238886305,612117.0,14.640625,7,35.22,-118.79,471196.0,414.0
2014,Kings,148974,-0.3611785177668826,108006.0,14.75,2,36.25,-119.62,72538.0,23.0
2014,Lake,66484,-0.4185149584833862,52921.0,2.1666666666666665,1,39.03,-122.92,51366.0,56.0
2014,Los Angeles,10037944,6.512361816240667,7749293.0,13.310869565217391,12,34.13,-118.31,5816774.0,28696.0
2014,Madera,152067,-0.35902866189179294,110097.0,12.324137931034484,2,37.03,-119.94,84033.0,85.0
2014,Marin,261931,-0.28266533636290514,207711.0,8.939130434782609,2,38.02,-122.66,180602.0,1866.0
2014,Mendocino,89569,-0.40246923495398285,69953.0,8.542857142857143,2,39.3,-123.29,69253.0,130.0
2014,Merced,264670,-0.2807615357674087,185534.0,10.709090909090909,2,37.29,-120.45,143703.0,91.0
2014,Monterey,427425,-0.16763518822449988,314585.0,5.010526315789474,3,36.51,-121.55,259198.0,509.0
2014,Napa,140114,-0.36733685047082515,109989.0,10.866666666666667,1,38.31,-122.3,95647.0,423.0
2014,Nevada,99490,-0.395573431482672,81582.0,4.2,2,39.31,-120.36,76068.0,113.0
2014,Orange,3125985,1.708056719399794,2407008.0,13.088888888888889,2,33.81,-117.91,1991231.0,12690.0
2014,Placer,369910,-0.20761222044428054,285201.0,9.31842105263158,2,38.84,-121.18,258140.0,882.0
2014,Riverside,2280208,1.1201813063814612,1680513.0,14.747938144329897,11,33.86,-117.22,1317751.0,2933.0
2014,Sacramento,1476829,0.5617755310585861,1116483.0,7.502247191011237,4,38.61,-121.38,863881.0,2229.0
2014,San Bernardino,2096526,0.9925091994146917,1526271.0,10.364285714285714,7,34.16,-117.36,1201860.0,2295.0
2014,San Diego,3219710,1.7732022874220308,2501715.0,8.780147058823529,9,32.97,-116.99,2045488.0,8186.0
2014,San Francisco,846661,0.12376376995496566,733208.0,6.527777777777778,1,37.77,-122.4,373808.0,2618.0
2014,San Joaquin,712387,0.030433751276728208,514343.0,10.902777777777779,3,37.86,-121.3,409085.0,537.0
2014,San Luis Obispo,278272,-0.2713071744311754,227348.0,8.597222222222221,4,35.21,-120.62,189554.0,476.0
2014,San Mateo,751906,0.0579022783791104,590998.0,5.983333333333333,1,37.48,-122.2,545796.0,4491.0
2014,Santa Barbara,437066,-0.1609340047483475,339163.0,7.543103448275862,4,34.62,-119.99,268208.0,755.0
2014,Santa Clara,1883691,0.8445736755948705,1448558.0,8.578,3,37.26,-121.81,1204964.0,16156.0
2014,Santa Cruz,271559,-0.2759731888150994,217519.0,8.542307692307691,3,37.0,-122.01,176901.0,1090.0
2014,Shasta,180826,-0.3390391031747857,141768.0,4.771428571428571,4,40.59,-122.05,121875.0,97.0
2014,Solano,428671,-0.16676912924604476,330505.0,8.405128205128205,1,38.1,-122.24,274494.0,767.0
2014,Sonoma,496615,-0.11954319727802291,394312.0,8.283333333333333,1,38.4,-122.82,343411.0,1821.0
2014,Stanislaus,528123,-0.0976428872514064,383945.0,13.63,2,37.56,-120.91,307763.0,238.0
2014,Sutter,95103,-0.3986227097639582,70376.0,9.986486486486486,1,39.14,-121.62,59875.0,34.0
2014,Tulare,455774,-0.14793060878611752,311749.0,17.280392156862746,3,36.24,-119.15,244945.0,126.0
2014,Ventura,846456,0.12362128031565323,641614.0,9.251401869158878,5,34.31,-118.92,557822.0,2243.0
2014,Yolo,206708,-0.3210492649080316,161852.0,8.77,2,38.55,-121.77,117003.0,498.0
2015,Alameda,1622205,0.6628222325448564,1279920.0,8.829577464788732,4,37.76,-122.13,962566.0,13197.0
2015,Butte,227400,-0.3066668472658217,181693.0,8.832394366197184,3,39.72,-121.73,139988.0,178.0
2015,Contra Costa,1120530,0.31412228229086253,860567.0,9.244117647058824,2,37.94,-122.13,730630.0,6769.0
2015,El Dorado,180914,-0.338977936890593,143827.0,2.9333333333333336,2,38.95,-120.04,137350.0,679.0
2015,Fresno,968417,0.2083928847067976,691450.0,12.094262295081966,6,36.65,-119.9,530921.0,1306.0
2015,Humboldt,136542,-0.36981964555191804,109916.0,7.521875,3,40.81,-124.07,94136.0,455.0
2015,Imperial,179769,-0.3397737936565089,128894.0,10.813432835820896,3,32.71,-115.49,122830.0,42.0
2015,Kern,873453,0.14238612320598476,618405.0,10.18623853211009,7,35.18,-118.82,481923.0,684.0
2015,Kings,148817,-0.3612876439784536,108041.0,17.13888888888889,1,36.32,-119.64,74305.0,45.0
2015,Lake,66975,-0.41817367842044767,53178.0,2.3333333333333335,1,39.03,-122.92,51696.0,90.0
2015,Los Angeles,10072887,6.536649696565032,7816560.0,11.797435897435898,12,34.05,-118.23,5919211.0,42952.0
2015,Madera,152930,-0.3584288152638581,111333.0,13.633333333333333,1,36.95,-120.03,86283.0,138.0
2015,Marin,263888,-0.2813050816110298,209791.0,7.113636363636363,2,38.02,-122.64,179826.0,2826.0
2015,Mendocino,90018,-0.40215714789031803,70844.0,8.937142857142858,2,39.29,-123.29,69993.0,294.0
2015,Merced,266740,-0.27932273794605866,186985.0,16.382608695652173,2,37.29,-120.44,147554.0,153.0
2015,Monterey,429887,-0.16592392240992804,316827.0,5.08421052631579,3,36.5,-121.54,265100.0,794.0
2015,Napa,140654,-0.3669615119087339,110413.0,9.633333333333333,1,38.31,-122.3,97255.0,627.0
2015,Nevada,100341,-0.3949819257116725,82581.0,5.2875,2,39.29,-120.51,76456.0,204.0
2015,Orange,3148491,1.7236999965820663,2436932.0,11.473809523809523,2,33.8,-117.9,2015540.0,19338.0
2015,Placer,373578,-0.20506269850770478,289149.0,8.917948717948718,2,38.83,-121.19,261815.0,1356.0
2015,Riverside,2302000,1.1353283025760794,1703480.0,11.08974358974359,10,33.83,-117.16,1359641.0,4510.0
2015,Sacramento,1495130,0.574496032956425,1134804.0,9.503225806451612,4,38.61,-121.36,886961.0,3358.0
2015,San Bernardino,2114182,1.004781380252255,1547581.0,11.576136363636364,8,34.12,-117.33,1236579.0,3506.0
2015,San Diego,3248180,1.792990970501178,2530332.0,7.61418918918919,11,32.89,-116.97,2083973.0,12054.0
2015,San Francisco,855489,0.12989986037374726,740853.0,8.538888888888888,1,37.77,-122.4,374022.0,4045.0
2015,San Joaquin,724185,0.038634203787011996,525034.0,11.92,3,37.86,-121.3,422665.0,867.0
2015,San Luis Obispo,279620,-0.2703702181687697,229009.0,8.584615384615384,5,35.2,-120.62,191906.0,766.0
2015,San Mateo,758673,0.06260582661924351,597834.0,5.911111111111111,1,37.48,-122.2,555410.0,6854.0
2015,Santa Barbara,440902,-0.15826771081467664,342581.0,7.943478260869566,4,34.67,-120.18,272577.0,1069.0
2015,Santa Clara,1907380,0.8610392222566872,1472497.0,9.389830508474576,3,37.2,-121.75,1222380.0,24812.0
2015,Santa Cruz,274207,-0.2741326397180294,219914.0,5.466666666666666,2,37.02,-122.03,178558.0,1702.0
2015,Shasta,181253,-0.33874230768216906,142827.0,3.477777777777778,2,40.54,-121.76,122772.0,144.0
2015,Solano,433545,-0.16338135118746508,334697.0,8.544117647058824,1,38.1,-122.24,282424.0,1242.0
2015,Sonoma,499963,-0.11721609819305681,398471.0,5.3,1,38.4,-122.82,347000.0,2946.0
2015,Stanislaus,532534,-0.09457692725624944,388217.0,9.466666666666667,2,37.6,-120.95,316995.0,464.0
2015,Sutter,95421,-0.3984016770551711,70421.0,8.573076923076924,1,39.14,-121.62,61151.0,48.0
2015,Tulare,458186,-0.1462540965421097,314774.0,15.522916666666667,3,36.27,-119.14,251351.0,201.0
2015,Ventura,849950,0.12604985982666622,647662.0,9.40377358490566,5,34.3,-118.91,566173.0,3303.0
2015,Yolo,208343,-0.31991282315058844,163341.0,7.114285714285715,2,38.57,-121.76,119085.0,697.0
2016,Alameda,1641983,0.6765693549171562,1297167.0,6.9512820512820515,5,37.77,-122.13,997320.0,18141.0
2016,Butte,228198,-0.3061121802796201,182330.0,8.141176470588235,3,39.68,-121.76,144796.0,245.0
2016,Contra Costa,1136478,0.3252072811579591,875088.0,7.905882352941177,2,37.94,-122.13,756822.0,9293.0
2016,El Dorado,181630,-0.3384802657601164,144577.0,4.509090909090909,2,38.94,-120.01,142202.0,927.0
2016,Fresno,975622,0.21340087422507142,696594.0,9.742446043165469,7,36.73,-119.84,554754.0,2054.0
2016,Humboldt,137015,-0.3694908767743825,110434.0,5.0793103448275865,2,40.73,-124.2,97681.0,673.0
2016,Imperial,179897,-0.339684824515865,128446.0,11.366666666666667,3,32.72,-115.5,131459.0,62.0
2016,Kern,876846,0.14474450050445847,620807.0,10.748314606741573,7,35.16,-118.85,497026.0,987.0
2016,Kings,148487,-0.3615170175441761,107950.0,17.091666666666665,2,36.24,-119.62,76498.0,93.0
2016,Lake,66991,-0.41816255727786716,53124.0,1.2,1,39.03,-122.92,54241.0,115.0
2016,Los Angeles,10087542,6.546835968097343,7848108.0,10.831355932203389,13,34.07,-118.23,6154945.0,60589.0
2016,Madera,152819,-0.3585059681905102,110794.0,15.866666666666665,1,36.95,-120.03,89419.0,192.0
2016,Marin,264554,-0.28084216405111717,210585.0,4.663636363636363,2,38.01,-122.61,183934.0,3858.0
2016,Mendocino,90761,-0.40164070983173683,70794.0,5.6,2,39.28,-123.28,73250.0,440.0
2016,Merced,268527,-0.278080645334101,188237.0,10.904166666666667,2,37.29,-120.44,155608.0,226.0
2016,Monterey,434712,-0.16257020285050108,319948.0,4.729824561403509,3,36.5,-121.53,276640.0,1093.0
2016,Napa,141119,-0.36663830370248857,111202.0,6.570588235294117,1,38.31,-122.3,100108.0,888.0
2016,Nevada,100793,-0.39466775343377386,82751.0,6.022222222222222,2,39.3,-120.47,79306.0,324.0
2016,Orange,3165028,1.7351943925104067,2452897.0,9.656818181818181,2,33.8,-117.9,2090818.0,26956.0
2016,Placer,379143,-0.20119462610393046,294215.0,6.4174999999999995,2,38.82,-121.2,272468.0,1829.0
2016,Riverside,2326213,1.1521580666574067,1728376.0,11.90344827586207,10,33.84,-117.19,1426424.0,6329.0
2016,Sacramento,1511942,0.5861815735228678,1149076.0,7.837254901960784,5,38.63,-121.33,924973.0,4569.0
2016,San Bernardino,2124990,1.0122937120653712,1555493.0,10.741860465116279,9,34.2,-117.39,1291619.0,4911.0
2016,San Diego,3263004,1.8032947091019955,2545143.0,9.358518518518519,12,32.81,-116.92,2165631.0,16914.0
2016,San Francisco,861977,0.1344094836901332,745610.0,8.523529411764706,1,37.77,-122.4,382460.0,5558.0
2016,San Joaquin,735670,0.04661709894556508,534096.0,10.783333333333333,3,37.86,-121.29,444390.0,1439.0
2016,San Luis Obispo,281046,-0.2693790463362842,230739.0,7.833333333333333,4,35.19,-120.62,197388.0,1061.0
2016,San Mateo,763530,0.06598178846383143,602425.0,8.95,1,37.48,-122.2,567082.0,9419.0
2016,Santa Barbara,444102,-0.15604348229858,344623.0,6.135087719298245,4,34.68,-120.2,283308.0,1568.0
2016,Santa Clara,1923243,0.872065140053825,1488590.0,7.289655172413793,3,37.25,-121.79,1261508.0,33659.0
2016,Santa Cruz,275625,-0.2731470284568341,221327.0,5.405555555555555,2,37.02,-122.03,185146.0,2275.0
2016,Shasta,180374,-0.33935327545268434,141594.0,2.7375,2,40.54,-121.88,126316.0,191.0
2016,Solano,438420,-0.15999287805747409,339776.0,8.705714285714285,1,38.1,-122.24,292578.0,1645.0
2016,Sonoma,501553,-0.11611093464912128,401242.0,3.9055555555555554,1,38.4,-122.82,359813.0,4089.0
2016,Stanislaus,537785,-0.09092710727561712,391507.0,14.15,2,37.56,-120.91,333680.0,810.0
2016,Sutter,96065,-0.39795405106630666,71280.0,8.958333333333334,1,39.14,-121.62,63565.0,70.0
2016,Tulare,461170,-0.14418000345084958,316824.0,13.084000000000001,3,36.23,-119.18,263354.0,281.0
2016,Ventura,851155,0.12688742087725888,650282.0,8.327102803738319,5,34.31,-118.88,584235.0,4449.0
2016,Yolo,211938,-0.31741404142703616,167007.0,6.88,2,38.54,-121.77,124121.0,933.0
2017,Alameda,1656919,0.6869509415160372,1313937.0,10.251685393258427,5,37.78,-122.16,1111061.0,24927.0
2017,Butte,230412,-0.30457329217504575,184330.0,9.572727272727272,3,39.69,-121.75,162254.0,395.0
2017,Contra Costa,1147957,0.33318600588804453,886223.0,10.827777777777778,2,37.95,-122.17,848104.0,12972.0
2017,El Dorado,182695,-0.337740014707103,146156.0,4.572727272727272,2,38.94,-120.01,161188.0,1322.0
2017,Fresno,983436,0.2188321622328149,703157.0,12.608571428571429,7,36.7,-119.85,628363.0,3198.0
2017,Humboldt,138027,-0.36878746450616695,111664.0,6.89047619047619,2,40.74,-124.19,108338.0,960.0
2017,Imperial,180854,-0.33901964117526984,128949.0,11.71,3,32.72,-115.5,149855.0,109.0
2017,Kern,883531,0.1493910528888666,627307.0,13.289010989010988,8,35.19,-118.75,558042.0,1493.0
2017,Kings,148079,-0.3618006066799784,107653.0,16.15609756097561,2,36.2,-119.6,86788.0,184.0
2017,Lake,67318,-0.41793526892637856,53518.0,3.4333333333333336,2,39.03,-122.92,61025.0,203.0
2017,Los Angeles,10107312,6.560577529898352,7893811.0,12.368619246861924,13,34.08,-118.22,6848320.0,85094.0
2017,Madera,154151,-0.35758013307068504,112376.0,12.336842105263159,1,36.95,-120.03,101652.0,281.0
2017,Marin,264366,-0.28097283747643786,211493.0,9.041666666666666,2,38.02,-122.65,203780.0,5262.0
2017,Mendocino,91368,-0.40121880148508976,71724.0,7.166666666666667,2,39.27,-123.27,81333.0,601.0
2017,Merced,271094,-0.2762963970213447,191121.0,11.229166666666666,2,37.29,-120.45,177219.0,348.0
2017,Monterey,437800,-0.16042382233246782,322659.0,6.526785714285714,3,36.45,-121.47,311513.0,1567.0
2017,Napa,140837,-0.3668343138404696,111402.0,13.083333333333334,1,38.31,-122.3,111695.0,1223.0
2017,Nevada,100998,-0.39452526379446146,83525.0,6.8374999999999995,2,39.29,-120.51,89168.0,476.0
2017,Orange,3185541,1.7494523923699976,2481536.0,12.353488372093024,2,33.79,-117.89,2339967.0,38954.0
2017,Placer,386586,-0.19602120958977193,300377.0,5.4875,2,38.85,-121.17,308969.0,2648.0
2017,Riverside,2355286,1.172365877797556,1757043.0,10.980874316939891,10,33.84,-117.15,1622197.0,9837.0
2017,Sacramento,1530548,0.5991140722011472,1166278.0,9.980701754385965,5,38.61,-121.31,1046050.0,6966.0
2017,San Bernardino,2142339,1.0243525059796714,1574619.0,12.159375,9,34.22,-117.4,1463174.0,7462.0
2017,San Diego,3279856,1.8150080525248895,2564847.0,8.233333333333333,8,32.93,-116.96,2434586.0,23410.0
2017,San Francisco,867378,0.13816356438245755,751149.0,9.75,1,37.77,-122.4,420275.0,7824.0
2017,San Joaquin,747119,0.05457497153331208,543156.0,11.029411764705882,3,37.88,-121.28,507686.0,2332.0
2017,San Luis Obispo,282284,-0.2685185479291193,231755.0,8.481428571428571,4,35.2,-120.62,220486.0,1648.0
2017,San Mateo,765207,0.06714742322054833,606044.0,8.2,1,37.48,-122.2,637236.0,12702.0
2017,Santa Barbara,445716,-0.15492163704077377,346767.0,8.751612903225807,5,34.66,-120.15,317555.0,2376.0
2017,Santa Clara,1930897,0.8773852166357636,1502238.0,6.8614035087719305,3,37.22,-121.77,1402093.0,44448.0
2017,Santa Cruz,275410,-0.2732964688102594,221980.0,5.171428571428572,2,37.02,-122.03,206951.0,3062.0
2017,Shasta,180810,-0.3390502243173662,141936.0,6.800000000000001,2,40.54,-121.93,140389.0,296.0
2017,Solano,444713,-0.1556187936662878,345987.0,8.766666666666667,1,38.1,-122.24,330279.0,2431.0
2017,Sonoma,502454,-0.11548467530755784,402968.0,6.922222222222222,1,38.4,-122.82,400994.0,6263.0
2017,Stanislaus,545273,-0.08572241254795099,397504.0,12.71,2,37.56,-120.91,378035.0,1190.0
2017,Sutter,97649,-0.3968530579508388,72358.0,9.42,1,39.14,-121.62,71648.0,113.0
2017,Tulare,463514,-0.1425507560628088,320288.0,14.730612244897959,3,36.25,-119.14,299138.0,609.0
2017,Ventura,850424,0.12637932367561305,652275.0,8.818691588785047,5,34.31,-118.89,654094.0,6284.0
2017,Yolo,214387,-0.31571181154081096,169151.0,8.236842105263158,2,38.55,-121.77,140187.0,1374.0
2018,Alameda,1666247,0.693434567640459,1324666.0,14.636893203883494,6,37.77,-122.14,1111143.0,34732.0
2018,Butte,231774,-0.3036266049128821,185419.0,16.43,3,39.67,-121.74,161666.0,588.0
2018,Contra Costa,1155105,0.3381543763358754,894051.0,9.71142857142857,2,37.94,-122.14,852483.0,18421.0
2018,El Dorado,185303,-0.33592726846648424,148428.0,3.358333333333334,2,38.95,-120.03,162960.0,1905.0
2018,Fresno,992091,0.224848005297445,711329.0,13.245774647887325,7,36.75,-119.82,641795.0,4154.0
2018,Humboldt,137893,-0.3688806040752785,111418.0,6.45625,2,40.75,-124.19,107341.0,1170.0
2018,Imperial,181374,-0.3386582040414042,130589.0,10.853191489361702,3,32.74,-115.5,152977.0,163.0
2018,Kern,891340,0.15481886553955368,633743.0,11.580769230769231,7,35.23,-118.58,566986.0,2094.0
2018,Kings,150058,-0.36042506035705485,109692.0,15.059999999999999,2,36.21,-119.61,87961.0,273.0
2018,Lake,67890,-0.4175376880791263,53633.0,26.0,1,39.02,-122.91,61418.0,265.0
2018,Los Angeles,10107841,6.56094522267492,7914440.0,11.741596638655462,13,34.12,-118.24,6835247.0,115035.0
2018,Madera,155100,-0.3569205103013801,112758.0,23.426315789473687,1,36.95,-120.03,103610.0,362.0
2018,Marin,264099,-0.28115842154324966,211279.0,6.465217391304347,2,38.01,-122.6,202836.0,6991.0
2018,Mendocino,91667,-0.40101097513311695,72234.0,7.586111111111112,2,39.27,-123.27,81304.0,726.0
2018,Merced,274768,-0.27374270465630124,194536.0,14.358333333333333,2,37.29,-120.45,181566.0,568.0
2018,Monterey,438000,-0.16028480805021178,323244.0,6.364912280701755,3,36.49,-121.53,316496.0,2259.0
2018,Napa,139786,-0.3675648338937251,110850.0,9.055555555555555,2,38.29,-122.28,112241.0,1650.0
2018,Nevada,101640,-0.39407902794841954,84260.0,3.657692307692308,2,39.25,-120.92,89660.0,682.0
2018,Orange,3192479,1.7542747978214597,2493326.0,12.743478260869566,2,33.82,-117.92,2346791.0,54835.0
2018,Placer,392693,-0.19177640848108377,305515.0,13.665000000000001,2,38.84,-121.18,315501.0,3839.0
2018,Riverside,2375547,1.1864487196615041,1779285.0,10.783937823834197,11,33.84,-117.09,1651047.0,14204.0
2018,Sacramento,1547095,0.6106154188436006,1181981.0,11.670833333333333,5,38.62,-121.31,1059363.0,10450.0
2018,San Bernardino,2153258,1.03194199071944,1584798.0,11.675555555555556,9,34.21,-117.4,1484400.0,10823.0
2018,San Diego,3294139,1.8249357574922047,2582605.0,10.266935483870967,8,32.96,-117.0,2443263.0,33830.0
2018,San Francisco,872724,0.14187941614716149,755779.0,7.322222222222223,1,37.77,-122.4,414271.0,11278.0
2018,San Joaquin,755573,0.06045110524427488,550813.0,23.430985915492958,3,37.85,-121.3,519661.0,3469.0
2018,San Luis Obispo,282754,-0.26819186436581754,233272.0,6.680000000000001,4,35.2,-120.62,221429.0,2476.0
2018,San Mateo,766114,0.06777785299057947,608295.0,15.61111111111111,1,37.48,-122.2,641943.0,18271.0
2018,Santa Barbara,447377,-0.15376712342663737,348059.0,7.762820512820513,5,34.6,-120.02,319786.0,3354.0
2018,Santa Clara,1936569,0.8813276616805449,1512460.0,10.352542372881356,3,37.2,-121.75,1399036.0,60245.0
2018,Santa Cruz,274274,-0.2740860699334737,221613.0,6.137142857142858,2,37.01,-122.02,206571.0,4004.0
2018,Shasta,181792,-0.33836766419148906,142889.0,5.75,2,40.54,-121.68,140931.0,442.0
2018,Solano,447744,-0.15351203221869753,348345.0,11.675757575757576,1,38.1,-122.24,335672.0,3421.0
2018,Sonoma,499410,-0.11760047268349476,401026.0,9.377777777777778,1,38.4,-122.82,400422.0,8008.0
2018,Stanislaus,548363,-0.08357464188709517,399757.0,16.4925,2,37.56,-120.91,385092.0,1605.0
2018,Sutter,99498,-0.39556787091138174,73828.0,17.825714285714284,1,39.14,-121.62,72395.0,174.0
2018,Tulare,466766,-0.14029038383332557,323469.0,19.764705882352942,3,36.26,-119.19,303924.0,853.0
2018,Ventura,850604,0.1265044365296435,655816.0,8.889523809523808,5,34.31,-118.86,656711.0,8930.0
2018,Yolo,215708,-0.3147936222065098,169762.0,7.475,2,38.55,-121.77,141511.0,2016.0
2019,Alameda,1675964,0.7001885765438686,1335743.0,7.62429906542056,6,37.77,-122.14,1110435.0,42887.0
2019,Butte,227263,-0.3067620720491671,181129.0,7.295238095238096,3,39.64,-121.72,154139.0,796.0
2019,Contra Costa,1161077,0.34230534280404074,899835.0,6.248780487804877,2,37.94,-122.13,857731.0,23018.0
2019,El Dorado,186714,-0.3349465227051679,149558.0,3.2444444444444445,2,38.95,-120.03,163945.0,2391.0
2019,Fresno,1000679,0.23081727857751935,718488.0,8.823134328358208,7,36.77,-119.79,657283.0,5015.0
2019,Humboldt,137059,-0.36946029363228616,111155.0,6.1,1,40.78,-124.18,107404.0,1367.0
2019,Imperial,181025,-0.33890078396394097,129433.0,8.964,3,32.72,-115.5,157228.0,234.0
2019,Kern,898617,0.15987690019943968,639815.0,8.643269230769231,7,35.23,-118.6,577670.0,2787.0
2019,Kings,151918,-0.3591322275320737,110900.0,9.127500000000001,2,36.18,-119.59,90430.0,367.0
2019,Lake,67902,-0.4175293472221909,53710.0,4.433333333333334,1,39.02,-122.91,61883.0,355.0
2019,Los Angeles,10067476,6.532888665158595,7913036.0,10.742276422764228,13,34.07,-118.23,6827293.0,141521.0
2019,Madera,155604,-0.3565701943100949,112969.0,13.06111111111111,1,36.95,-120.03,106033.0,480.0
2019,Marin,263645,-0.2814739839639709,211180.0,6.9739130434782615,2,38.01,-122.6,200569.0,8498.0
2019,Mendocino,91733,-0.40096510041997246,72377.0,5.666666666666667,2,39.26,-123.27,82115.0,847.0
2019,Merced,277693,-0.2717096207783067,196884.0,12.275,2,37.29,-120.45,186554.0,784.0
2019,Monterey,439477,-0.15925818757575094,324774.0,4.3,3,36.49,-121.5,320258.0,2880.0
2019,Napa,138982,-0.36812367130839435,110769.0,6.35,1,38.28,-122.28,112200.0,2009.0
2019,Nevada,101719,-0.39402411730692843,84528.0,6.253846153846154,2,39.26,-120.82,90006.0,886.0
2019,Orange,3192408,1.7542254477512587,2499655.0,8.25,2,33.8,-117.9,2352220.0,68931.0
2019,Placer,399659,-0.1869345410301059,311334.0,5.95952380952381,5,38.98,-120.97,322815.0,5216.0
2019,Riverside,2394094,1.199340209126518,1797965.0,8.212875536480686,12,33.8,-116.94,1686102.0,19213.0
2019,Sacramento,1562887,0.6215919865705375,1197171.0,7.0607476635514015,5,38.59,-121.34,1076888.0,13923.0
2019,San Bernardino,2169538,1.0432577532950815,1603289.0,9.872519083969465,9,34.23,-117.37,1510228.0,14651.0
2019,San Diego,3302865,1.8310009506270357,2596052.0,9.845600000000001,9,32.96,-117.04,2453257.0,44168.0
2019,San Francisco,872219,0.141528405084465,755342.0,7.288888888888888,1,37.77,-122.4,407385.0,13771.0
2019,San Joaquin,767324,0.06861888939822851,562448.0,7.387692307692308,3,37.84,-121.31,532035.0,4822.0
2019,San Luis Obispo,282935,-0.26806605644037584,233987.0,5.6394366197183095,4,35.2,-120.62,222583.0,3316.0
2019,San Mateo,765726,0.06750816528300274,611049.0,6.7,1,37.48,-122.2,645794.0,22710.0
2019,Santa Barbara,447907,-0.15339873557865885,349367.0,5.2,5,34.62,-120.07,322735.0,4201.0
2019,Santa Clara,1936821,0.8815028196761875,1518468.0,7.071666666666667,3,37.22,-121.77,1390964.0,71344.0
2019,Santa Cruz,272618,-0.2752371081905537,220821.0,6.897142857142858,2,37.02,-122.03,206461.0,4887.0
2019,Shasta,181573,-0.3385198848305594,142353.0,3.757142857142857,2,40.55,-122.15,142345.0,578.0
2019,Solano,450545,-0.1515651371957017,350975.0,8.519444444444444,1,38.1,-122.24,338919.0,4512.0
2019,Sonoma,494708,-0.12086869845933425,399229.0,6.570588235294117,1,38.4,-122.82,401497.0,9131.0
2019,Stanislaus,550947,-0.08177857736034713,403293.0,8.83,2,37.56,-120.91,393560.0,2153.0
2019,Sutter,101531,-0.39415479073224907,75539.0,6.877142857142857,1,39.14,-121.62,73793.0,284.0
2019,Tehama,65030,-0.41952559231538766,49618.0,4.377777777777777,1,40.17,-122.26,49076.0,109.0
2019,Tulare,469228,-0.13857911801875372,326113.0,11.877551020408163,3,36.28,-119.17,311412.0,1166.0
2019,Ventura,847064,0.12404388373371159,656475.0,6.7679245283018865,5,34.31,-118.88,661074.0,11468.0
2019,Yolo,215874,-0.3146782403522373,172483.0,6.955,2,38.57,-121.76,142968.0,2629.0
2020,Alameda,1681337,0.7039231952366771,1334982.0,12.226851851851851,6,37.76,-122.08,1081947.0,46249.0
2020,Alameda,1681337,0.7039231952366771,1334982.0,12.226851851851851,6,37.76,-122.08,1081947.0,46249.0
2020,Butte,216090,-0.31452810492740074,172656.0,15.690566037735849,3,39.59,-121.72,150600.0,982.0
2020,Butte,216090,-0.31452810492740074,172656.0,15.690566037735849,3,39.59,-121.72,150600.0,982.0
2020,Calaveras,45290,-0.4332463019740588,37772.0,12.41764705882353,1,38.2,-120.68,50925.0,276.0
2020,Calaveras,45290,-0.4332463019740588,37772.0,12.41764705882353,1,38.2,-120.68,50925.0,276.0
2020,Colusa,21811,-0.44956588363950656,15857.0,9.311538461538461,2,39.16,-122.04,19002.0,46.0
2020,Colusa,21811,-0.44956588363950656,15857.0,9.311538461538461,2,39.16,-122.04,19002.0,46.0
2020,Contra Costa,1164844,0.34492367681033326,900424.0,13.2025,2,37.94,-122.14,844872.0,26161.0
2020,Contra Costa,1164844,0.34492367681033326,900424.0,13.2025,2,37.94,-122.14,844872.0,26161.0
2020,Del Norte,27702,-0.4454712179556549,21691.0,8.616666666666667,2,41.68,-124.16,19235.0,92.0
2020,Del Norte,27702,-0.4454712179556549,21691.0,8.616666666666667,2,41.68,-124.16,19235.0,92.0
2020,El Dorado,190202,-0.3325221136226226,152352.0,2.618181818181818,2,38.95,-120.04,163473.0,2804.0
2020,El Dorado,190202,-0.3325221136226226,152352.0,2.618181818181818,2,38.95,-120.04,163473.0,2804.0
2020,Fresno,1006557,0.23490290833302438,720695.0,19.937106918238992,8,36.73,-119.83,669380.0,5481.0
2020,Fresno,1006557,0.23490290833302438,720695.0,19.937106918238992,8,36.73,-119.83,669380.0,5481.0
2020,Glenn,28800,-0.44470802954606925,21110.0,14.0,1,39.53,-122.19,24519.0,65.0
2020,Glenn,28800,-0.44470802954606925,21110.0,14.0,1,39.53,-122.19,24519.0,65.0
2020,Humboldt,136547,-0.3698161701948616,110467.0,9.82,1,40.78,-124.18,107979.0,1475.0
2020,Humboldt,136547,-0.3698161701948616,110467.0,9.82,1,40.78,-124.18,107979.0,1475.0
2020,Imperial,180036,-0.33958820958969704,128366.0,10.295918367346939,3,32.72,-115.5,163755.0,288.0
2020,Imperial,180036,-0.33958820958969704,128366.0,10.295918367346939,3,32.72,-115.5,163755.0,288.0
2020,Inyo,18995,-0.4515232047336716,15044.0,6.2987179487179485,3,37.08,-118.19,18481.0,79.0
2020,Inyo,18995,-0.4515232047336716,15044.0,6.2987179487179485,3,37.08,-118.19,18481.0,79.0
2020,Kern,907416,0.16599283354729416,645173.0,14.977884615384616,8,35.27,-118.63,586385.0,3224.0
2020,Kern,907416,0.16599283354729416,645173.0,14.977884615384616,8,35.27,-118.63,586385.0,3224.0
2020,Kings,152249,-0.35890215889494,110990.0,18.190243902439022,2,36.15,-119.58,92193.0,380.0
2020,Kings,152249,-0.35890215889494,110990.0,18.190243902439022,2,36.15,-119.58,92193.0,380.0
2020,Lake,68144,-0.4173611399406611,53834.0,8.833333333333334,1,39.02,-122.91,62729.0,376.0
2020,Lake,68144,-0.4173611399406611,53834.0,8.833333333333334,1,39.02,-122.91,62729.0,376.0
2020,Los Angeles,10029036,6.506170120108984,7852735.0,13.049626865671643,14,34.11,-118.22,6635509.0,156698.0
2020,Los Angeles,10029036,6.506170120108984,7852735.0,13.049626865671643,14,34.11,-118.22,6635509.0,156698.0
2020,Madera,155967,-0.3563178833878002,113232.0,15.34,1,36.95,-120.03,108140.0,574.0
2020,Madera,155967,-0.3563178833878002,113232.0,15.34,1,36.95,-120.03,108140.0,574.0
2020,Marin,262802,-0.2820599291636801,210242.0,10.583333333333334,2,38.01,-122.62,195061.0,9709.0
2020,Marin,262802,-0.2820599291636801,210242.0,10.583333333333334,2,38.01,-122.62,195061.0,9709.0
2020,Mariposa,17156,-0.4528014410590159,14342.0,15.607999999999999,2,37.73,-119.63,18196.0,81.0
2020,Mariposa,17156,-0.4528014410590159,14342.0,15.607999999999999,2,37.73,-119.63,18196.0,81.0
2020,Mendocino,91639,-0.4010304371326328,72120.0,8.386111111111111,2,39.23,-123.25,82479.0,925.0
2020,Mendocino,91639,-0.4010304371326328,72120.0,8.386111111111111,2,39.23,-123.25,82479.0,925.0
2020,Merced,280290,-0.269904520323212,197604.0,14.570833333333333,2,37.29,-120.44,191277.0,968.0
2020,Merced,280290,-0.269904520323212,197604.0,14.570833333333333,2,37.29,-120.44,191277.0,968.0
2020,Mono,13205,-0.45554766820498394,10472.0,27.083098591549298,3,37.77,-119.02,11792.0,67.0
2020,Mono,13205,-0.45554766820498394,10472.0,27.083098591549298,3,37.77,-119.02,11792.0,67.0
2020,Monterey,439590,-0.15917964450627628,324417.0,6.838596491228071,3,36.49,-121.53,320016.0,3434.0
2020,Monterey,439590,-0.15917964450627628,324417.0,6.838596491228071,3,36.49,-121.53,320016.0,3434.0
2020,Napa,138304,-0.3685949297252423,109813.0,8.882352941176471,1,38.28,-122.28,109910.0,2368.0
2020,Napa,138304,-0.3685949297252423,109813.0,8.882352941176471,1,38.28,-122.28,109910.0,2368.0
2020,Nevada,102259,-0.3936487787448371,84773.0,14.141176470588235,2,39.27,-120.72,89113.0,1115.0
2020,Nevada,102259,-0.3936487787448371,84773.0,14.141176470588235,2,39.27,-120.72,89113.0,1115.0
2020,Orange,3188326,1.751388166250413,2486894.0,9.648333333333333,2,33.75,-117.83,2303310.0,78256.0
2020,Orange,3188326,1.751388166250413,2486894.0,9.648333333333333,2,33.75,-117.83,2303310.0,78256.0
2020,Placer,403822,-0.18404095874494641,314174.0,12.383870967741936,5,38.96,-120.96,321560.0,6405.0
2020,Placer,403822,-0.18404095874494641,314174.0,12.383870967741936,5,38.96,-120.96,321560.0,6405.0
2020,Plumas,19780,-0.45097757367581665,16457.0,19.331666666666667,3,40.0,-120.89,20630.0,52.0
2020,Plumas,19780,-0.45097757367581665,16457.0,19.331666666666667,3,40.0,-120.89,20630.0,52.0
2020,Riverside,2412908,1.2124172826583437,1804855.0,10.13828125,12,33.8,-116.94,1704293.0,23091.0
2020,Riverside,2412908,1.2124172826583437,1804855.0,10.13828125,12,33.8,-116.94,1704293.0,23091.0
2020,Sacramento,1580826,0.634060872617493,1206170.0,11.253488372093022,4,38.58,-121.38,1076112.0,16072.0
2020,Sacramento,1580826,0.634060872617493,1206170.0,11.253488372093022,4,38.58,-121.38,1076112.0,16072.0
2020,San Benito,63931,-0.4202894757963846,47501.0,8.779166666666667,2,36.71,-121.29,51849.0,721.0
2020,San Benito,63931,-0.4202894757963846,47501.0,8.779166666666667,2,36.71,-121.29,51849.0,721.0
2020,San Bernardino,2179505,1.0501855300513114,1604116.0,11.351127819548873,9,34.2,-117.36,1523639.0,17465.0
2020,San Bernardino,2179505,1.0501855300513114,1604116.0,11.351127819548873,9,34.2,-117.36,1523639.0,17465.0
2020,San Diego,3297350,1.8271676317938252,2585122.0,12.316438356164383,9,32.98,-117.06,2425831.0,51800.0
2020,San Diego,3297350,1.8271676317938252,2585122.0,12.316438356164383,9,32.98,-117.06,2425831.0,51800.0
2020,San Francisco,873444,0.14237986756328325,756403.0,10.616666666666667,1,37.77,-122.4,393475.0,16242.0
2020,San Francisco,873444,0.14237986756328325,756403.0,10.616666666666667,1,37.77,-122.4,393475.0,16242.0
2020,San Joaquin,776794,0.07520121566305199,566283.0,18.172463768115943,3,37.85,-121.29,540500.0,5946.0
2020,San Joaquin,776794,0.07520121566305199,566283.0,18.172463768115943,3,37.85,-121.29,540500.0,5946.0
2020,San Luis Obispo,282484,-0.26837953364686323,232484.0,9.708450704225351,4,35.21,-120.62,220063.0,3965.0
2020,San Luis Obispo,282484,-0.26837953364686323,232484.0,9.708450704225351,4,35.21,-120.62,220063.0,3965.0
2020,San Mateo,765009,0.06700979908111485,608182.0,6.699999999999999,1,37.48,-122.2,582705.0,25046.0
2020,San Mateo,765009,0.06700979908111485,608182.0,6.699999999999999,1,37.48,-122.2,582705.0,25046.0
2020,Santa Barbara,448408,-0.15305050480160748,348413.0,8.381818181818181,5,34.64,-120.11,320797.0,5121.0
2020,Santa Barbara,448408,-0.15305050480160748,348413.0,8.381818181818181,5,34.64,-120.11,320797.0,5121.0
2020,Santa Clara,1936352,0.8811768311842971,1512291.0,10.313333333333333,3,37.2,-121.75,1336130.0,74125.0
2020,Santa Clara,1936352,0.8811768311842971,1512291.0,10.313333333333333,3,37.2,-121.75,1336130.0,74125.0
2020,Santa Cruz,271259,-0.2761817102384835,219449.0,8.808333333333334,2,37.02,-122.03,202034.0,5438.0
2020,Santa Cruz,271259,-0.2761817102384835,219449.0,8.808333333333334,2,37.02,-122.03,202034.0,5438.0
2020,Shasta,181926,-0.3382745246223775,142630.0,10.462499999999999,2,40.54,-121.88,142748.0,734.0
2020,Shasta,181926,-0.3382745246223775,142630.0,10.462499999999999,2,40.54,-121.88,142748.0,734.0
2020,Siskiyou,44111,-0.4340657911679581,35201.0,8.876190476190477,2,41.72,-122.47,41788.0,98.0
2020,Siskiyou,44111,-0.4340657911679581,35201.0,8.876190476190477,2,41.72,-122.47,41788.0,98.0
2020,Solano,452957,-0.14988862495169383,352401.0,9.522222222222222,1,38.1,-122.24,338325.0,5151.0
2020,Solano,452957,-0.14988862495169383,352401.0,9.522222222222222,1,38.1,-122.24,338325.0,5151.0
2020,Sonoma,490008,-0.12413553409235119,393966.0,10.516666666666667,1,38.4,-122.82,397692.0,9877.0
2020,Sonoma,490008,-0.12413553409235119,393966.0,10.516666666666667,1,38.4,-122.82,397692.0,9877.0
2020,Stanislaus,552488,-0.08070747231556435,402764.0,10.984210526315788,2,37.55,-120.9,399746.0,2610.0
2020,Stanislaus,552488,-0.08070747231556435,402764.0,10.984210526315788,2,37.55,-120.9,399746.0,2610.0
2020,Sutter,100058,-0.3951786309210648,74143.0,20.400000000000002,1,39.14,-121.62,73601.0,364.0
2020,Sutter,100058,-0.3951786309210648,74143.0,20.400000000000002,1,39.14,-121.62,73601.0,364.0
2020,Tehama,65674,-0.41907796632652317,49978.0,7.48888888888889,1,40.17,-122.26,48969.0,143.0
2020,Tehama,65674,-0.41907796632652317,49978.0,7.48888888888889,1,40.17,-122.26,48969.0,143.0
2020,Trinity,16070,-0.4535562886116662,13306.0,9.081818181818182,2,40.75,-122.89,11943.0,47.0
2020,Trinity,16070,-0.4535562886116662,13306.0,9.081818181818182,2,40.75,-122.89,11943.0,47.0
2020,Tulare,472371,-0.13639450857310007,326881.0,21.06530612244898,3,36.28,-119.15,318816.0,1393.0
2020,Tulare,472371,-0.13639450857310007,326881.0,21.06530612244898,3,36.28,-119.15,318816.0,1393.0
2020,Ventura,844339,0.12214981413797305,650985.0,7.917592592592593,5,34.3,-118.88,655209.0,13166.0
2020,Ventura,844339,0.12214981413797305,650985.0,7.917592592592593,5,34.3,-118.88,655209.0,13166.0
2020,Yolo,216306,-0.31437796950256425,170882.0,18.07,2,38.55,-121.77,140577.0,2979.0
2020,Yolo,216306,-0.31437796950256425,170882.0,18.07,2,38.55,-121.77,140577.0,2979.0
2022,Alameda,1643683,0.6777509763163325,1314946.0,8.062222222222223,5,37.74,-122.06,1057501.0,72557.0
2022,Butte,206184,-0.3214134823275424,164741.0,6.026785714285714,3,39.64,-121.69,151828.0,1732.0
2022,Calaveras,45021,-0.43343327618369315,37457.0,4.9944444444444445,1,38.2,-120.68,51920.0,515.0
2022,Colusa,21722,-0.4496277449951105,15944.0,7.779999999999999,2,39.17,-122.03,19767.0,106.0
2022,Contra Costa,1149841,0.3344955204268964,894576.0,7.282926829268293,2,37.95,-122.16,835523.0,44133.0
2022,Del Norte,26982,-0.4459716693717767,21289.0,5.504347826086956,2,41.7,-124.17,20045.0,128.0
2022,El Dorado,189294,-0.33315323846406497,152003.0,7.681818181818182,2,38.96,-120.05,162883.0,4869.0
2022,Fresno,1010177,0.2374190668418587,726317.0,10.860144927536233,8,36.72,-119.85,688871.0,10390.0
2022,Glenn,28777,-0.4447240161885287,21151.0,5.038888888888889,1,39.53,-122.19,24773.0,130.0
2022,Humboldt,134167,-0.3714704401537085,108944.0,5.95,1,40.78,-124.18,106882.0,2126.0
2022,Imperial,180394,-0.33933937402445874,129162.0,9.849382716049382,4,32.97,-115.67,166477.0,770.0
2022,Inyo,18916,-0.45157811537516274,15057.0,5.137735849056604,5,37.04,-118.21,19560.0,176.0
2022,Kern,908186,0.1665280385339799,646628.0,10.78974358974359,7,35.26,-118.69,602843.0,6880.0
2022,Kings,151654,-0.3593157263846517,110859.0,12.18888888888889,2,36.18,-119.59,95204.0,886.0
2022,Lake,67597,-0.41774134400263135,53199.0,3.8000000000000003,1,39.02,-122.91,63526.0,600.0
2022,Los Angeles,9861493,6.389715770648865,7780718.0,10.993307086614173,15,34.11,-118.23,6650471.0,282343.0
2022,Madera,157040,-0.35557207176349653,114168.0,11.2,1,36.95,-120.03,113641.0,1241.0
2022,Marin,255459,-0.2871638385367106,205389.0,6.116666666666667,2,38.0,-122.6,191793.0,15449.0
2022,Mariposa,16988,-0.45291821305611096,14083.0,10.193103448275863,2,37.74,-119.63,17290.0,147.0
2022,Mendocino,90227,-0.4020118779653605,71189.0,11.0,2,39.28,-123.28,81800.0,1346.0
2022,Merced,284038,-0.2672993926737338,201099.0,8.413888888888888,2,37.29,-120.45,200238.0,2086.0
2022,Mono,12987,-0.45569919377264306,10519.0,5.474468085106383,3,37.93,-119.1,11671.0,144.0
2022,Monterey,436033,-0.16165201351619993,323536.0,4.451785714285714,3,36.47,-121.5,319103.0,6379.0
2022,Nevada,101080,-0.39446826793873646,83896.0,7.056756756756758,2,39.27,-120.75,84769.0,1946.0
2022,Orange,3158071,1.7303587807021306,2482244.0,8.327272727272726,2,33.8,-117.9,2299018.0,134291.0
2022,Placer,407539,-0.18145737830921793,318288.0,9.079775280898877,5,38.98,-120.93,328962.0,12350.0
2022,Plumas,19254,-0.45134318123815004,15904.0,14.039285714285715,3,39.98,-120.82,18889.0,117.0
2022,Riverside,2427832,1.2227905284002893,1830585.0,8.608810572687226,11,33.8,-117.01,1765291.0,47681.0
2022,Sacramento,1572254,0.6281027204799992,1209063.0,7.80703125,5,38.61,-121.33,1107136.0,32416.0
2022,San Benito,65642,-0.4191002086116842,48969.0,4.195833333333334,2,36.75,-121.31,53803.0,1485.0
2022,San Bernardino,2179845,1.0504218543311465,1615265.0,9.571323529411766,9,34.22,-117.3,1568171.0,36094.0
2022,San Diego,3278730,1.814225402115788,2583639.0,8.213478260869564,10,32.88,-116.95,2446883.0,95024.0
2022,San Francisco,840575,0.11953356534591437,726257.0,6.911111111111111,1,37.77,-122.4,386911.0,28011.0
2022,San Joaquin,782163,0.07893305407021538,574108.0,8.011764705882353,3,37.82,-121.32,556150.0,12961.0
2022,San Luis Obispo,279439,-0.2704960260942114,230817.0,8.26056338028169,4,35.23,-120.62,222920.0,6929.0
2022,San Mateo,742051,0.051052349620944036,594383.0,4.9944444444444445,1,37.48,-122.2,567346.0,43165.0
2022,Santa Barbara,443074,-0.15675801570937606,345155.0,5.956451612903226,5,34.57,-120.09,325288.0,8983.0
2022,Santa Clara,1895752,0.852956931886321,1493853.0,10.09322033898305,3,37.22,-121.77,1289536.0,108243.0
2022,Santa Cruz,264495,-0.2808831732643827,215034.0,4.537142857142857,2,37.01,-122.02,215275.0,8169.0
2022,Shasta,180206,-0.33947004744977943,141282.0,7.9375,2,40.55,-122.33,132514.0,1516.0
2022,Siskiyou,43571,-0.43444112973004945,34813.0,5.119047619047619,2,41.72,-122.26,44395.0,241.0
2022,Solano,447027,-0.15401039842058542,348681.0,8.027777777777779,1,38.1,-122.24,339309.0,9315.0
2022,Sonoma,479654,-0.13133230348474637,387081.0,4.511764705882353,1,38.4,-122.82,397389.0,15055.0
2022,Stanislaus,548215,-0.08367751245596464,401293.0,11.643243243243244,2,37.58,-120.93,403896.0,5345.0
2022,Sutter,99153,-0.3958076705482734,73869.0,9.644444444444444,1,39.14,-121.62,74337.0,885.0
2022,Tehama,64942,-0.4195867585995803,49486.0,4.905882352941177,1,40.17,-122.26,56998.0,288.0
2022,Trinity,15971,-0.45362510068138295,13352.0,10.45,2,40.74,-122.93,11910.0,63.0
2022,Tulare,474624,-0.13482851268348578,331288.0,8.71311475409836,4,36.32,-119.07,330357.0,2826.0
2022,Ventura,831531,0.11324733950229625,646100.0,7.0361111111111105,5,34.3,-118.89,658712.0,23713.0
2022,Yolo,220176,-0.31168804314090987,175040.0,4.136842105263158,2,38.55,-121.77,149982.0,5077.0
2023,Alameda,1650656,0.6825977092671893,1328778.0,7.3500000000000005,6,37.75,-122.09,1028698.0,97131.0
2023,Butte,206579,-0.32113892912008674,164437.0,8.121052631578946,4,39.63,-121.71,151420.0,2370.0
2023,Contra Costa,1145274,0.33132112929157975,896750.0,9.02142857142857,2,37.95,-122.16,825102.0,58560.0
2023,El Dorado,188067,-0.3340060910857058,151582.0,3.7181818181818187,2,38.95,-120.04,162480.0,6272.0
2023,Fresno,1010914,0.2379313344719722,732913.0,8.376086956521739,8,36.7,-119.88,683686.0,14199.0
2023,Humboldt,134597,-0.37117155944685803,109831.0,12.13846153846154,2,40.98,-123.79,105041.0,2513.0
2023,Imperial,179623,-0.3398752740825558,129329.0,9.443396226415095,3,32.8,-115.52,170519.0,1197.0
2023,Kern,906165,0.16512329921178262,648814.0,10.10084745762712,8,35.24,-118.77,597507.0,9647.0
2023,Kings,151629,-0.35933310316993367,111144.0,9.869444444444445,2,36.19,-119.6,95631.0,1179.0
2023,Lake,66698,-0.4183662132013723,52291.0,3.1,1,39.02,-122.91,63373.0,760.0
2023,Los Angeles,9819312,6.360396963449655,7835811.0,9.840909090909092,11,34.1,-118.22,6514305.0,392463.0
2023,Madera,157909,-0.354968054707094,115747.0,9.2,1,36.95,-120.03,114621.0,1739.0
2023,Marin,253972,-0.28819740972528424,205971.0,5.6521739130434785,2,38.0,-122.59,188135.0,19221.0
2023,Mendocino,89556,-0.40247827088232946,71645.0,10.258823529411766,2,39.27,-123.28,80638.0,1638.0
2023,Merced,285193,-0.26649658519370517,204198.0,8.869444444444445,2,37.29,-120.45,199940.0,2880.0
2023,Monterey,433953,-0.16309776205166274,323295.0,4.947368421052632,3,36.51,-121.55,326269.0,8505.0
2023,Nevada,100474,-0.39488948121397227,83494.0,5.662745098039216,2,39.29,-120.53,87433.0,2473.0
2023,Orange,3141065,1.7185383962818994,2494006.0,9.56388888888889,1,33.83,-117.94,2260910.0,180716.0
2023,Placer,410085,-0.17968772649609854,321917.0,5.640000000000001,5,38.96,-121.01,329303.0,16898.0
2023,Riverside,2428580,1.2233104418159269,1850578.0,9.527227722772277,10,33.82,-117.01,1758805.0,67446.0
2023,Sacramento,1576639,0.6311506086184628,1220319.0,7.962698412698412,5,38.6,-121.35,1100057.0,45098.0
2023,San Benito,65165,-0.4194317576748648,49656.0,3.0500000000000003,2,36.77,-121.32,54840.0,1935.0
2023,San Bernardino,2172694,1.0454513986690819,1625175.0,8.955479452054794,9,34.26,-117.3,1554788.0,51206.0
2023,San Diego,3290423,1.8223528721278874,2612596.0,8.578884462151395,11,32.82,-116.95,2419003.0,132113.0
2023,San Francisco,842224,0.12067973810311541,727682.0,4.9,1,37.77,-122.4,371509.0,37412.0
2023,San Joaquin,783903,0.08014247832584293,580872.0,7.2192307692307685,3,37.83,-121.32,553941.0,19225.0
2023,San Luis Obispo,279818,-0.27023259402933625,231689.0,5.322222222222222,4,35.21,-120.62,222023.0,9139.0
2023,San Mateo,745302,0.05331202677901596,602949.0,8.711764705882352,1,37.48,-122.2,543506.0,57455.0
2023,Santa Barbara,442342,-0.15726680798243317,344142.0,5.664000000000001,5,34.6,-120.06,323007.0,11894.0
2023,Santa Clara,1902799,0.8578551001216126,1524142.0,5.874576271186441,3,37.2,-121.75,1288696.0,141417.0
2023,Santa Cruz,263338,-0.28168737088723395,216200.0,4.827777777777778,2,37.01,-122.02,199421.0,10109.0
2023,Shasta,179122,-0.3402235048596072,140611.0,5.3,2,40.55,-122.08,140884.0,2001.0
2023,Solano,445506,-0.15506760203714262,349722.0,7.338235294117647,1,38.1,-122.24,336055.0,12809.0
2023,Sonoma,479445,-0.13147757340970392,389789.0,4.333333333333333,1,38.4,-122.82,396054.0,19064.0
2023,Stanislaus,545753,-0.0853887782705365,401128.0,9.76153846153846,2,37.57,-120.92,400864.0,7519.0
2023,Sutter,98248,-0.396436710175482,74570.0,7.372222222222222,1,39.14,-121.62,73888.0,1147.0
2023,Tehama,64710,-0.4197480151669973,49115.0,6.172222222222222,1,40.17,-122.26,48496.0,398.0
2023,Tulare,474680,-0.1347895886844541,335124.0,12.762295081967213,4,36.32,-119.06,331744.0,3837.0
2023,Ventura,825960,0.10937509667005425,648379.0,6.034579439252337,5,34.3,-118.89,651851.0,31980.0
2023,Yolo,220454,-0.311494813288574,178347.0,7.9125,2,38.62,-121.75,152560.0,6757.0
